0,1,2,3,4,5,6,7,8,9,10,11,12,13,14,15,16,17,18,19,20,21,22,23,24,25,26,27,28,29,30,31,32,33,34,35,36,37,38,39,40,41,42,43,44,45,46,47,48,49,50,51,52,53,54,55,56,57,58,59,60,61,62,63
32.365177,1.1412587,0.0,0.0,0.0,0.0,17.176592,18.674782,19.304304,21.357164,17.498901,19.903416,20.12394,19.392097,19.567307,19.034498,21.231073,22.483072,21.936083,21.894827,22.929731,22.629992,23.230272,18.19605,21.728916,21.38065,21.02948,22.25468,18.933449,19.910427,21.991932,22.259037,0.0,24.045992,21.208939,23.811895,20.688177,21.155525,21.932718,22.129982,21.593601,21.824478,18.78017,23.644058,20.223307,24.311941,26.793707,21.205698,26.59379,23.698484,24.94588,25.260872,22.626947,25.835178,24.492926,22.648409,24.919092,24.67331,24.319706,0.0,0.0,0.0,0.0,0.0
57.558784,2.6377623,0.0,0.0,0.0,0.0,17.360508,17.559149,18.794598,21.000746,18.29329,19.653429,19.549597,19.349972,19.39477,19.39507,21.818983,21.851688,22.23418,21.251171,21.693434,23.085327,22.618576,19.352257,20.809483,20.733713,21.08961,21.614424,18.533567,20.499123,21.921253,21.70006,0.0,22.224602,21.754877,23.326908,20.892273,20.72772,22.21444,22.0885,21.927927,21.946112,19.928179,24.04553,20.481117,22.94407,24.631433,22.066647,25.035389,24.104483,23.618317,24.80585,23.096844,24.71941,24.807566,22.787657,25.1524,23.84778,24.033604,0.0,0.0,0.0,0.0,0.0
82.55203,3.888345,0.0,0.0,0.0,0.0,16.748344,16.134695,17.49758,19.63588,17.877245,18.436651,18.2391,18.313423,18.412836,18.655556,20.879446,20.451366,20.997086,19.735046,19.809864,22.09583,20.959555,19.068104,19.2867,19.352991,19.91676,20.133106,17.584352,19.725307,20.673815,20.110283,0.0,19.980444,20.887907,21.613394,19.976925,19.31359,21.052387,20.74459,20.792362,20.70656,19.619862,22.893839,19.521374,20.851725,21.886852,21.429296,22.88788,23.01012,21.656313,23.264698,22.204054,22.823341,23.527105,21.735153,23.82384,22.254278,22.718597,0.0,0.0,0.0,0.0,0.0
105.98216,4.8918414,0.0,0.0,0.0,0.0,15.601168,14.579015,15.739486,17.644196,16.642994,16.618248,16.502321,16.652216,16.93128,17.193634,18.932676,18.590385,18.783049,17.706736,17.591599,20.159916,18.682451,17.806309,17.431816,17.53976,17.959997,18.148119,16.311438,18.055311,18.68524,17.92047,0.0,17.5746,19.079353,19.14477,18.329374,17.3111,18.943901,18.580633,18.708588,18.598953,18.3096,20.725428,17.77613,18.38331,18.91101,19.785414,20.450783,20.928434,19.358837,21.046688,20.401285,20.49891,21.219997,19.922417,21.49647,20.221834,20.763195,0.0,0.0,0.0,0.0,0.0
126.48644,5.647086,0.0,0.0,0.0,0.0,14.18005,13.069699,13.846558,15.407323,14.982768,14.563385,14.649123,14.736114,15.259879,15.386984,16.498884,16.57702,16.150318,15.526518,15.351212,17.775997,16.216501,16.029581,15.516079,15.595299,15.668395,15.996854,14.940465,15.9554615,16.391157,15.561375,0.0,15.268151,16.800539,16.394457,16.336866,15.1182165,16.386316,16.079008,16.19829,16.116425,16.451777,18.076742,15.677446,15.887237,16.054955,17.626757,18.023623,18.372458,17.024862,18.561087,18.141241,18.098057,18.454695,17.780968,18.733341,18.079475,18.555904,0.0,0.0,0.0,0.0,0.0
149.27124,6.425,0.0,0.0,0.0,0.0,11.923227,10.989353,11.204585,12.46499,12.665498,11.58062,12.193797,12.117324,13.097611,12.673287,13.081998,13.592052,13.00271,12.655651,12.510921,14.439241,12.990041,13.50821,12.954072,12.8762865,12.487563,13.001099,13.017064,13.125883,13.236736,12.491628,0.0,12.279495,13.623641,12.635438,13.35177,12.303812,12.655152,12.674596,12.638323,13.037438,13.512949,14.115141,12.764758,12.616108,12.78851,14.523191,14.668992,14.577924,13.808033,14.794648,14.57591,14.855418,14.640554,14.949295,14.891827,15.069971,15.176425,0.0,0.0,0.0,0.0,0.0
154.48317,6.5125,0.0,0.0,0.0,0.0,11.290955,10.738466,11.150207,11.838016,12.064579,11.150979,11.863842,11.579118,12.455446,12.238058,12.297715,13.126425,12.256146,12.219535,12.339268,13.77015,12.881334,13.029396,12.553278,12.461097,11.971281,12.423082,12.732281,12.535577,12.753273,12.638244,0.0,12.040712,12.680214,11.92422,12.941235,12.181011,11.915212,12.139931,12.377744,12.152471,12.787265,13.50955,12.19105,12.361085,12.229254,13.509706,14.461974,13.657651,13.233077,14.260701,13.82273,14.44365,13.916694,14.083307,14.3423815,14.614715,14.854802,0.0,0.0,0.0,0.0,0.0
147.05882,5.825,0.0,0.0,0.0,0.0,11.48248,11.388118,11.897243,11.629367,12.103823,11.79342,12.332731,12.179664,13.003912,12.707744,12.53011,13.712727,12.4972515,12.820553,12.733589,14.133595,13.405594,13.202094,12.81961,12.778366,12.556836,12.816134,13.15083,12.819,13.422729,13.362399,0.0,12.547928,12.646051,12.602514,13.216608,12.633355,12.171364,12.826988,12.793241,12.261866,13.204705,14.322233,12.767591,13.103943,12.974706,14.064777,14.921333,14.23877,13.702439,14.817219,14.440077,15.037379,14.694058,14.834092,15.205377,15.314317,15.68524,0.0,0.0,0.0,0.0,0.0
146.0,6.0,0.0,0.0,0.0,0.0,12.536854,12.905622,13.866804,13.176719,13.251619,13.725991,14.249137,13.664014,14.915599,14.280091,14.4247675,15.657851,14.472384,14.798594,14.267557,15.929323,15.148738,14.802317,14.458312,14.569809,14.38421,14.581221,14.742941,14.550905,15.107744,15.62294,0.0,14.597839,14.326958,14.80597,14.720522,14.218638,14.158447,14.6306505,14.508228,14.029805,15.333265,16.083195,14.339329,15.071648,15.188895,16.373457,16.789558,16.539545,15.707534,16.930948,16.404848,17.546053,16.832859,17.032343,17.553356,17.628658,17.749527,0.0,0.0,0.0,0.0,0.0
146.0,6.0,0.0,0.0,0.0,0.0,12.289344,12.759173,13.728374,12.7916765,13.0690155,13.309872,13.700192,13.136833,14.198916,14.149628,14.033911,14.713784,14.035165,14.457095,13.497355,15.496722,14.708748,14.352353,13.973504,13.796855,14.183289,13.873973,14.391636,14.193639,14.571563,15.060428,0.0,14.299864,13.6474495,14.507065,14.037687,13.702763,14.004736,14.114498,14.172717,13.533472,14.885399,15.87183,13.705625,14.686842,14.995336,15.981976,15.870386,16.117403,15.311887,16.384153,15.992017,17.416437,16.470001,16.649376,17.03864,17.394796,17.001888,0.0,0.0,0.0,0.0,0.0
146.0,6.0,0.0,0.0,0.0,0.0,11.801576,12.408397,13.235216,12.481397,12.657779,12.81634,13.157134,12.635527,13.777194,13.582959,14.054621,13.970784,13.964085,14.434964,13.007205,15.480714,14.320734,13.906684,13.6816,13.285392,13.820466,13.576651,13.808638,14.27153,14.206623,14.670443,0.0,13.863722,13.203409,14.266668,13.491424,13.258344,13.941687,13.518021,13.638367,13.310417,14.379027,15.620732,13.307138,14.519878,14.804724,15.782046,15.227293,15.715019,15.033251,15.567235,15.816407,17.552896,16.080315,16.397434,16.42471,16.971968,16.47384,0.0,0.0,0.0,0.0,0.0
146.0,6.0,0.0,0.0,0.0,0.0,11.853227,12.076404,13.074469,12.386633,12.586788,12.846071,12.880513,12.5360565,13.260066,13.453688,13.836233,13.315702,13.800923,14.178182,13.026257,15.255174,14.1769905,13.869367,13.607223,12.86759,13.656766,13.475473,13.610578,13.893959,13.856247,14.085866,0.0,13.77103,13.25673,14.286044,13.338666,13.097017,13.73612,13.298815,13.4966135,13.151532,13.9868555,15.413678,13.287516,14.244062,14.075639,15.388147,14.702016,15.656918,14.955226,15.044501,15.9127245,17.474443,15.818034,16.392004,15.817465,16.696867,16.339176,0.0,0.0,0.0,0.0,0.0
146.0,6.0,0.0,0.0,0.0,0.0,12.099063,12.25727,13.219718,12.56225,12.814244,12.641258,13.010748,12.707953,13.504064,13.283196,13.995195,13.737043,13.66678,14.334274,12.988363,15.305905,13.692904,13.845334,13.56002,12.875448,13.721796,13.69679,13.84116,13.949669,13.8159075,13.846348,0.0,13.731206,13.578271,14.372222,13.620277,13.085463,13.948213,13.680919,13.565846,13.261493,13.715452,15.2449255,13.362566,14.443578,14.193669,15.682708,14.538263,15.806247,15.521486,15.223846,16.23796,17.462698,15.769237,16.530058,15.731617,16.897364,16.65085,0.0,0.0,0.0,0.0,0.0
146.0,6.0,0.0,0.0,0.0,0.0,12.018259,12.177714,12.868388,12.298162,12.976428,12.451089,13.337203,13.036493,13.22253,13.321063,14.004977,13.653192,13.779447,13.940895,12.618049,15.646672,13.406699,13.597527,13.583804,13.475616,13.772345,14.053064,14.045256,13.87294,13.637677,13.696797,0.0,13.800774,13.7651005,14.218248,13.561452,12.881823,14.169932,13.827156,13.640952,13.181011,13.338285,14.958402,13.407474,14.482743,13.950308,15.48449,14.637064,15.827704,15.739644,15.1454,15.968809,17.434048,15.665373,16.481262,15.544288,16.587212,16.314838,0.0,0.0,0.0,0.0,0.0
146.0,6.0,0.0,0.0,0.0,0.0,11.564663,11.57988,11.8925295,12.06143,12.70369,11.943268,13.18586,12.838477,12.954676,12.819723,13.755053,13.369347,13.700383,13.498354,12.144822,15.043313,12.892305,13.736028,13.113672,13.058409,13.329169,13.410599,13.734811,13.50025,12.833043,13.389042,0.0,12.934873,13.678616,13.322784,13.416902,12.419897,13.335321,13.454918,13.373799,13.089661,12.84199,14.410707,13.025029,13.799275,13.570869,14.683004,14.340949,15.031766,14.985288,14.220623,15.390382,16.642366,15.29327,15.867877,14.717576,15.663344,15.629981,0.0,0.0,0.0,0.0,0.0
146.0,6.0,0.0,0.0,0.0,0.0,12.071158,11.679596,12.015331,11.975693,12.956718,11.935557,13.36541,13.046586,13.294368,12.936144,13.644321,13.703106,13.471467,13.458084,12.32682,15.096608,13.149752,14.210811,13.331428,13.369133,13.443781,13.651692,14.096076,13.514352,13.016158,13.960024,0.0,13.124793,13.563316,13.124747,13.943791,12.791561,13.585675,13.589705,13.750278,13.03853,13.263428,14.501682,12.972774,14.409028,13.8148775,14.890981,15.125354,14.885523,15.173003,14.564102,15.700589,16.686405,15.2784,15.810442,15.020095,15.757076,15.80153,0.0,0.0,0.0,0.0,0.0
146.0,6.0,0.0,0.0,0.0,0.0,12.227579,11.792301,12.204415,11.857268,13.135092,12.448828,13.391625,13.318963,13.641953,12.996727,13.770878,14.285331,13.4184675,13.667886,12.661523,15.010924,13.413675,14.299106,13.165758,13.610322,13.500486,13.650241,14.133016,13.540785,13.4500675,14.255396,0.0,13.426819,13.822687,13.47562,14.042912,13.349787,13.873313,13.823019,14.024346,13.0749235,13.735925,14.750734,13.312906,14.635582,13.864607,15.210997,15.716525,15.176627,15.16977,15.098967,16.18826,16.70697,15.434896,15.932865,15.691792,15.9730835,16.192053,0.0,0.0,0.0,0.0,0.0
146.0,6.0,0.0,0.0,0.0,0.0,11.847846,11.555967,11.748979,11.423433,12.702387,12.105304,13.169749,12.936652,13.355282,12.724511,13.587296,14.240676,13.364816,13.5292845,12.168746,14.544716,13.274027,14.176012,13.004767,13.480125,13.162296,13.519854,13.758685,13.2864275,12.914523,14.251022,0.0,13.141951,13.799977,13.466493,13.466304,12.986866,13.591346,13.682625,13.7382555,12.810793,13.885011,14.151966,13.17675,14.30782,13.615818,14.976801,15.580057,14.853642,14.776658,14.951587,15.407708,16.3062,14.976187,15.257057,15.330617,16.002584,16.046354,0.0,0.0,0.0,0.0,0.0
146.0,6.0,0.0,0.0,0.0,0.0,11.866262,11.460149,11.629327,11.249328,12.651552,12.084724,13.124766,12.837803,13.233589,12.7737055,13.760021,13.932007,13.358136,13.352014,11.83724,14.275703,13.373608,14.363943,12.926962,13.218314,13.035617,13.28866,13.718789,13.169823,12.830815,14.083219,0.0,13.028207,13.438994,13.153639,13.33388,12.831394,13.523659,13.630385,13.639754,12.592565,13.86418,14.133087,13.314945,14.102563,13.487693,14.837771,15.400831,14.724094,14.530701,15.026656,14.891377,16.072733,15.133466,15.070975,15.12298,16.292051,15.997983,0.0,0.0,0.0,0.0,0.0
146.0,6.0,0.0,0.0,0.0,0.0,11.636246,11.060478,11.421008,11.18546,12.3762245,11.892403,12.710222,12.529049,12.918293,12.563999,13.701092,13.625766,13.259844,13.17818,11.850756,14.220606,13.214736,14.045673,12.869448,13.272342,12.6538725,13.266278,13.10198,12.699442,13.131257,13.90271,0.0,13.000654,13.34716,12.806786,13.205647,12.7602415,13.225112,13.577186,13.09865,12.66195,13.551365,13.921721,13.364707,13.681221,13.305564,14.757836,15.222379,14.693608,14.255546,14.836399,14.842344,15.662434,15.175534,14.597057,14.963072,16.257494,16.037941,0.0,0.0,0.0,0.0,0.0
146.0,6.0,0.0,0.0,0.0,0.0,11.666685,11.095669,11.886151,11.102774,12.361404,11.963003,12.769576,12.633156,12.695137,12.658813,13.428555,13.664583,13.257986,13.029458,12.077396,14.132448,13.229109,14.063893,12.982126,13.184747,12.91402,13.228385,13.1658,12.3626585,13.192125,13.897148,0.0,13.267586,13.566046,12.654801,13.137361,13.211954,12.883437,13.965386,13.365559,12.782535,13.673874,13.675801,13.583642,13.625221,12.93836,14.695227,15.1513605,15.132934,14.257782,14.797089,14.618725,15.388371,15.017918,14.485426,15.216083,16.31111,16.065662,0.0,0.0,0.0,0.0,0.0
146.0,6.0,0.0,0.0,0.0,0.0,11.610526,11.295678,12.279323,11.468513,12.432056,11.853508,13.059177,12.669123,13.042948,12.870891,13.493784,14.345739,13.466211,13.49877,12.554331,14.374416,13.510559,13.948865,12.976782,13.229865,13.235237,13.430372,13.122918,12.8380575,13.367713,14.046105,0.0,14.056651,13.956874,12.886533,13.09126,13.575196,13.036147,14.411726,13.793576,13.032489,13.870013,13.873821,13.897364,14.154774,13.377584,14.909846,15.4512825,15.511032,14.4537325,15.041459,14.71553,15.290535,15.293773,14.854927,15.793087,16.398613,16.072687,0.0,0.0,0.0,0.0,0.0
146.0,6.0,0.0,0.0,0.0,0.0,11.397123,11.208639,12.690019,11.796168,12.155245,11.771,13.061611,12.77929,12.945456,12.875122,13.419265,14.443123,13.603602,13.34506,12.540024,14.566292,13.664824,13.732269,12.948737,13.809647,13.339458,13.338157,12.925543,13.297356,13.473127,14.104809,0.0,14.190693,14.021504,13.118305,13.073181,13.585874,13.035242,14.503126,14.123484,13.000752,13.861267,13.722837,13.939226,14.188297,13.678439,14.674492,15.598796,15.762199,14.502704,15.261528,14.636646,15.192384,15.297554,14.887876,15.960617,16.280457,15.896757,0.0,0.0,0.0,0.0,0.0
146.0,6.0,0.0,0.0,0.0,0.0,11.335002,11.104521,12.775434,12.245467,12.024349,11.939866,12.987249,12.764117,13.118928,12.745392,13.326109,14.532582,13.538437,13.478166,12.781178,14.518679,13.811627,13.804902,13.034149,13.590505,13.370203,12.856364,12.818406,13.483541,13.546702,14.248561,0.0,14.121419,13.955616,12.808497,13.07822,13.462716,12.582855,14.279273,14.40545,13.262412,13.876318,13.707508,13.544889,14.0115385,14.0205145,14.299845,15.725532,15.624347,14.189032,15.06213,14.887393,14.968875,15.053009,15.082349,15.92932,16.006325,15.552346,0.0,0.0,0.0,0.0,0.0
146.0,6.0,0.0,0.0,0.0,0.0,11.804501,11.061284,13.045273,12.648953,12.278861,12.118919,12.962794,12.666547,13.305398,12.748808,13.391269,14.306429,13.323555,13.357601,12.987409,14.620084,14.027392,13.681912,13.117943,13.614668,13.414638,12.902958,12.975416,13.66877,13.859981,14.232282,0.0,14.086601,13.922264,13.086002,13.185833,13.498211,12.7577915,14.201239,14.519819,13.634127,14.522972,13.826868,13.4913025,14.119361,14.230061,14.820555,15.546239,15.581014,14.192358,15.320531,15.261698,15.100218,15.019646,15.565352,16.34596,16.051191,15.464844,0.0,0.0,0.0,0.0,0.0
146.0,6.0,0.0,0.0,0.0,0.0,11.714897,10.85867,12.839344,12.716744,12.438758,12.512139,12.817029,12.797799,13.368812,12.754355,13.33039,14.583987,13.420998,13.636569,13.079891,14.818945,14.207525,13.775826,13.043707,13.806338,13.512611,13.062956,12.73752,14.014681,14.138604,14.083859,0.0,14.079536,14.103931,13.779754,13.1101465,13.600488,13.190625,14.26837,14.408088,13.844801,15.026347,14.239746,13.745325,14.032356,14.447319,14.918991,15.404777,15.585551,14.400409,15.4902115,15.407073,15.212615,14.89893,15.878141,16.352558,16.10241,15.451321,0.0,0.0,0.0,0.0,0.0
146.0,6.0,0.0,0.0,0.0,0.0,11.611696,11.127086,12.692717,12.923598,12.338855,12.419558,12.986272,12.805131,13.322379,12.848883,13.103647,14.058175,13.729885,13.733946,13.2891035,14.886377,14.059322,13.281162,12.967253,13.569557,13.300139,13.111626,12.850568,14.01119,13.981663,14.024312,0.0,13.567624,14.126848,13.977736,12.946171,13.103107,13.169133,14.154448,13.8471775,13.906755,15.254888,14.261209,13.844555,13.991547,14.320029,14.991643,15.058519,15.195482,14.803822,15.134152,15.288224,15.464446,14.723809,15.810382,16.156258,16.081812,15.30734,0.0,0.0,0.0,0.0,0.0
146.0,6.0,0.0,0.0,0.0,0.0,11.709482,11.368119,12.427455,12.920492,12.280111,12.724477,12.604373,12.314458,13.50618,12.78572,13.292111,13.810258,13.344966,13.61805,13.0766115,14.645188,13.981788,12.939594,12.830036,13.513147,13.01437,12.881598,13.072762,13.447187,13.816573,13.923965,0.0,13.23252,13.831539,13.591548,12.854227,12.529722,13.069191,13.837349,13.177833,13.616981,14.866496,13.998713,13.688133,13.903482,13.995906,14.856499,14.787712,14.995049,14.574829,15.026217,15.226281,15.466699,14.784546,15.718778,15.571761,15.9522705,15.226109,0.0,0.0,0.0,0.0,0.0
146.0,6.0,0.0,0.0,0.0,0.0,11.547212,11.63677,12.401819,12.831205,12.235376,12.969455,12.697994,12.021081,13.440764,12.715015,13.295448,13.583345,13.301141,13.507477,13.064045,14.707637,13.738838,12.78512,12.745483,13.518863,12.855654,13.020476,13.12341,12.927352,13.509649,13.707223,0.0,13.068422,13.84445,13.546619,13.052139,12.444131,13.239034,13.800691,12.699056,13.428007,14.610548,14.244684,13.521736,13.806411,13.821232,15.147286,14.662557,15.127105,14.633781,14.845647,15.395214,15.449219,14.904135,15.735282,15.438586,15.409417,15.401664,0.0,0.0,0.0,0.0,0.0
146.0,6.0,0.0,0.0,0.0,0.0,11.652767,12.034765,12.32734,12.725907,12.329582,13.0035715,12.812691,11.988099,13.540514,12.822609,13.402791,13.715687,13.460883,13.283634,12.861506,14.841217,13.786549,13.094213,12.764974,13.362007,13.200308,13.172892,13.809803,12.85303,13.116464,13.573377,0.0,13.321346,13.90346,13.36775,13.067165,12.592323,13.502289,13.850389,12.745939,13.4988365,14.844274,14.317757,13.605026,14.142829,13.488279,15.507958,14.886883,15.451981,14.8061695,14.750773,15.556264,15.944342,14.924382,15.924983,15.540324,15.199784,15.513288,0.0,0.0,0.0,0.0,0.0
146.0,6.0,0.0,0.0,0.0,0.0,11.568431,12.450655,12.469332,13.082569,12.705732,12.893486,13.319215,12.318844,13.870582,13.200462,13.776272,14.272356,13.734867,13.642374,13.244509,15.070492,14.141056,13.524501,12.774783,13.374928,13.518997,13.319515,13.9919405,13.215304,13.095777,13.660328,0.0,13.743481,13.929415,13.5965,13.221659,12.842342,14.039996,13.923496,12.748173,13.633984,15.132797,14.559909,13.758176,14.53091,13.752991,15.6825695,15.187798,15.703168,15.167642,15.195484,15.757431,16.193623,15.110303,16.24997,15.865212,15.323326,15.853698,0.0,0.0,0.0,0.0,0.0
146.0,6.0,0.0,0.0,0.0,0.0,11.457916,12.472048,12.498467,13.115421,12.591844,12.827288,13.343498,12.223074,14.105285,12.950101,13.800783,13.948124,13.745314,13.609583,13.156241,14.880319,14.275483,13.462108,12.91123,13.580761,13.445323,13.077604,14.142992,13.195604,13.24064,13.463445,0.0,13.512091,13.612466,13.456165,13.138064,12.927705,14.023474,13.762629,12.8749275,13.471963,14.580021,14.098645,13.670395,14.428042,13.825122,15.663531,15.374832,15.694236,14.816679,15.242375,15.694706,16.10605,15.105994,16.147028,15.703334,15.215145,16.103949,0.0,0.0,0.0,0.0,0.0
146.0,6.0,0.0,0.0,0.0,0.0,11.9322195,12.501556,12.810245,13.094181,13.199101,12.671931,13.580895,12.6486225,14.185068,13.080376,13.88667,14.159476,14.132057,13.533191,13.65412,15.334993,14.466661,13.973387,13.089779,13.689107,13.863171,13.264282,14.453578,13.406666,13.758612,13.816041,0.0,13.9103365,13.904553,13.549458,13.49867,12.91016,13.955638,13.78951,13.3729105,13.851376,14.609749,14.377263,13.455449,14.466468,14.234178,15.637048,15.67955,15.7731,15.1778145,15.862861,15.676939,15.966388,15.0029545,16.253183,16.095161,15.764917,16.17633,0.0,0.0,0.0,0.0,0.0
146.0,6.0,0.0,0.0,0.0,0.0,12.051693,12.091396,12.932922,12.945919,13.303664,12.455524,13.5798025,12.782484,13.987462,13.2676735,13.871638,13.990789,14.135878,13.496245,13.700113,15.3311405,14.453385,14.370106,13.054551,13.723262,14.322893,13.499764,14.476705,13.381045,14.178554,13.915057,0.0,13.710829,14.139286,13.6458645,13.862457,12.883824,13.675612,13.840387,13.377622,13.910071,15.064127,14.517833,13.4403925,14.22643,14.3636465,15.619368,15.567316,15.43015,15.227788,16.087324,15.437532,15.718006,15.120718,16.080893,16.384552,15.802303,16.222673,0.0,0.0,0.0,0.0,0.0
146.0,6.0,0.0,0.0,0.0,0.0,12.129646,11.921567,12.756059,12.522148,13.2169695,12.280968,13.412982,13.036346,13.837422,13.562776,13.575643,14.06453,14.116414,13.60503,13.759257,15.195941,14.353119,14.668741,13.080876,13.616511,14.42217,13.574073,14.200386,13.461421,14.547775,13.886933,0.0,13.812033,14.294265,13.662882,13.931313,13.239149,13.590148,13.894203,13.63249,13.990685,15.205582,14.6615305,13.520159,14.054666,14.863733,15.125355,15.732403,15.189971,15.382251,16.058891,15.160449,15.456101,15.03293,15.901186,16.492783,16.205519,16.192055,0.0,0.0,0.0,0.0,0.0
146.0,6.0,0.0,0.0,0.0,0.0,12.089329,11.80963,13.0399,12.540286,13.04302,12.104636,13.56435,13.315265,13.91952,13.813354,13.448867,13.843689,14.143747,13.585806,14.225871,15.077202,14.206949,14.545473,13.09002,13.709891,14.510842,13.503086,14.130121,13.354474,14.544551,14.078229,0.0,13.786081,14.625713,13.730409,14.140194,13.174608,13.236693,13.861387,13.757842,14.023836,15.041375,14.7556095,13.550214,14.046808,15.007176,14.787831,15.69876,14.884439,15.419267,15.852313,15.316767,15.395886,15.150175,15.625955,16.817287,16.451221,16.16724,0.0,0.0,0.0,0.0,0.0
146.0,6.0,0.0,0.0,0.0,0.0,12.148173,11.692169,12.686337,12.25008,12.596101,12.029692,12.979992,12.768012,13.926007,13.552862,13.442259,13.675015,13.6317005,13.4298725,13.637327,14.639294,14.041723,13.920655,13.053762,13.861727,13.880527,13.320042,13.632874,13.004328,14.232953,13.962356,0.0,13.792798,14.479883,13.429297,13.773141,13.038256,12.639963,13.4072895,13.556064,13.609988,14.503397,14.450733,13.347769,13.719219,14.9965105,13.978372,15.374544,14.738356,15.025055,15.489159,15.199304,15.251423,15.227444,15.164625,16.532095,16.313896,15.8956995,0.0,0.0,0.0,0.0,0.0
146.0,6.0,0.0,0.0,0.0,0.0,12.140896,11.69661,12.51936,12.279494,12.634988,12.050014,13.161152,12.917721,13.92794,13.619114,13.487302,13.665826,13.798021,13.549474,13.590675,14.87082,13.975125,13.903265,13.188636,13.894753,13.805408,13.445006,13.502106,13.266246,13.986079,13.9729595,0.0,13.780931,14.456237,13.504086,14.083074,13.19603,12.568766,13.590481,13.832662,13.5192,14.357484,14.6992445,13.314706,13.732959,14.662238,14.076117,15.076423,14.732243,15.262625,15.218682,15.346342,15.326296,15.647633,15.255299,16.678623,15.967651,15.864149,0.0,0.0,0.0,0.0,0.0
146.0,6.0,0.0,0.0,0.0,0.0,11.955976,11.742776,12.26108,12.238093,12.720787,12.014642,13.1478,12.855677,13.788429,13.646159,13.603675,13.709581,13.674744,13.355282,13.094419,15.133922,13.963184,13.893673,13.153264,13.842122,13.753776,13.62307,13.411307,13.640431,13.799105,13.973391,0.0,13.862017,14.437158,13.280251,14.201064,13.145786,12.923858,13.386506,13.821476,13.40872,14.271573,14.778658,13.19517,13.712307,14.351104,14.257169,14.781951,14.82017,15.2954855,15.004647,15.375948,15.432117,15.577381,15.381836,16.503534,15.933338,15.865763,0.0,0.0,0.0,0.0,0.0
146.0,6.0,0.0,0.0,0.0,0.0,11.849948,12.07571,12.135475,12.920855,12.991887,12.183571,13.334646,13.012465,13.774722,13.524708,14.037837,14.135641,13.721246,13.6515465,13.176454,15.415007,14.1885395,13.753131,13.446381,14.057268,13.650762,13.779427,13.041606,14.19362,14.069741,14.45774,0.0,13.903832,14.261324,13.627497,14.414494,13.472219,13.445583,13.751842,13.81472,13.675915,14.365603,15.114073,13.157122,13.998867,14.4232235,14.548117,14.958306,15.2020645,15.589713,15.276545,15.585876,15.5717,15.936123,15.536884,16.52613,15.934266,15.942108,0.0,0.0,0.0,0.0,0.0
146.0,6.0,0.0,0.0,0.0,0.0,11.423069,11.964006,11.599211,12.770532,12.618874,12.087894,13.02996,12.402427,13.41828,12.861691,13.841492,13.855229,13.4823265,13.660228,12.841045,15.096351,14.265634,13.02473,13.548373,13.80441,13.213757,13.647391,12.7492485,13.95875,14.006021,14.223348,0.0,13.466238,13.904528,13.583411,13.879899,13.25055,13.331603,13.620952,13.526797,13.262544,13.811058,14.830569,13.127083,13.6601515,14.421808,14.636841,14.932931,15.094726,15.187695,14.8805895,15.322986,15.539483,15.7854,15.519278,15.754727,15.596935,15.86979,0.0,0.0,0.0,0.0,0.0
146.0,6.0,0.0,0.0,0.0,0.0,11.633813,12.21617,11.805527,12.987183,13.005906,12.052698,13.219053,12.488034,13.3106,13.036685,14.032616,14.35985,13.838182,13.780255,13.023182,15.419527,14.261119,13.456828,13.226172,13.815343,13.403507,13.812477,13.101308,14.360891,14.059499,14.6046915,0.0,13.627896,14.127699,13.56373,14.470964,13.095476,13.670626,13.9018,13.78952,13.756645,14.362933,15.240571,12.964196,14.252761,14.324661,15.434322,14.835998,15.345665,15.468111,15.329104,15.423794,15.441291,15.603716,15.559267,16.032143,16.3366,15.8584,0.0,0.0,0.0,0.0,0.0
146.0,6.0,0.0,0.0,0.0,0.0,11.61591,12.411261,12.014505,13.068051,12.844774,12.419626,13.417465,12.71383,13.168764,13.215418,14.215761,14.272938,13.957,13.9663925,13.305424,15.4590435,14.385323,13.641679,13.563769,14.132707,13.664658,14.101296,13.500301,14.453479,14.399846,14.806187,0.0,13.699841,14.212536,13.57893,14.881264,13.132517,14.082642,14.514864,13.710665,14.00302,14.965346,15.249461,13.218079,14.615338,14.542358,15.622218,14.878738,15.659718,15.583677,15.5595255,15.634644,15.411638,15.726438,15.692714,16.229898,16.45232,16.1572,0.0,0.0,0.0,0.0,0.0
146.0,6.0,0.0,0.0,0.0,0.0,11.493231,12.4522295,11.962141,12.793163,12.53482,12.602863,13.611135,12.621749,13.006479,13.2259655,14.082279,14.409932,14.153686,14.155713,13.614823,15.300217,14.439234,13.906855,13.501266,13.863762,13.444585,14.003927,13.560239,14.425359,14.498476,14.739441,0.0,13.926001,14.097049,13.584635,14.899074,13.329444,14.384189,15.013743,14.013409,14.548313,15.3630085,15.12612,13.443189,15.0802555,14.55334,15.710465,14.956116,15.963668,15.685242,15.951631,15.919016,15.192327,15.929535,15.651841,16.362099,16.548517,16.275042,0.0,0.0,0.0,0.0,0.0
146.0,6.0,0.0,0.0,0.0,0.0,11.011354,12.566448,12.164906,12.462499,12.4189415,12.591458,14.199839,12.324038,13.01688,13.253012,13.908591,14.480572,14.149105,13.469775,13.136575,15.240609,13.701756,13.760135,13.366078,14.641959,13.645229,13.411291,13.692214,13.690779,13.76229,14.411121,0.0,13.394401,14.15786,13.090706,14.95661,13.111857,14.491334,14.582332,13.956049,14.458332,15.505796,14.40307,13.624185,15.030823,13.912901,15.831684,14.840429,16.021723,15.090775,15.922159,16.048565,15.192723,15.8599825,15.529549,16.684044,16.647326,16.387173,0.0,0.0,0.0,0.0,0.0
146.0,6.0,0.0,0.0,0.0,0.0,12.092919,12.232662,12.047538,11.709257,12.219263,12.509084,13.572918,11.862661,13.027684,13.172992,13.671172,13.247001,13.032055,12.783786,12.450146,13.997714,12.987521,13.238215,12.186596,13.819578,13.293459,12.879115,13.734343,12.944094,13.110702,13.049449,0.0,13.125481,14.02075,12.6615925,13.747311,12.119689,13.255408,13.82691,12.926301,13.254697,14.448744,13.512671,12.588219,14.486433,13.286308,15.576359,13.48391,14.94252,14.5827675,14.613248,15.012551,14.080846,14.619973,14.3315935,16.65186,16.440239,15.039379,0.0,0.0,0.0,0.0,0.0
146.0,6.0,0.0,0.0,0.0,0.0,12.961563,11.996019,12.054322,11.555672,12.700856,12.381288,13.02585,12.192759,13.340991,13.356825,13.442322,12.6952,13.091388,12.790822,12.511876,13.546489,12.846792,13.218947,11.578051,13.360149,13.825969,12.671142,13.833584,12.795313,12.945793,12.416345,0.0,12.866078,14.307989,12.378113,13.349158,11.613481,12.649276,13.309937,12.42687,12.091976,13.33023,13.393646,12.120575,14.465648,12.815861,15.705752,12.605226,14.582612,14.526535,13.929412,14.300684,13.684877,14.014617,13.955399,16.700872,16.374128,14.435517,0.0,0.0,0.0,0.0,0.0
146.0,6.0,0.0,0.0,0.0,0.0,13.167502,11.896456,12.087463,11.142651,12.938104,12.05386,12.198541,12.237806,13.005502,13.182323,12.989501,11.865315,12.434225,12.357181,12.33786,13.014732,12.641986,12.799055,10.917494,12.722845,13.711967,12.546068,13.43104,12.681583,12.841168,11.806076,0.0,12.90264,13.916289,12.356266,12.458342,10.910187,12.156823,12.574868,11.715473,11.828038,13.262913,12.904427,11.461479,13.90654,12.593852,15.278709,12.1465435,13.879377,14.036599,13.187345,13.30884,12.976357,13.062952,13.5954075,16.414024,16.020632,13.881655,0.0,0.0,0.0,0.0,0.0
146.0,6.0,0.0,0.0,0.0,0.0,13.465408,11.903995,12.371751,11.162556,13.220407,12.070442,11.387726,12.47989,13.108204,13.056016,13.160565,11.925062,11.97559,12.862199,12.586149,12.778733,12.718125,12.441022,10.852241,12.516048,13.671652,12.58527,13.1424265,12.517093,13.248636,11.394191,0.0,12.852603,13.761898,12.885715,11.963117,10.847411,11.736183,12.345812,11.594656,12.23607,13.315651,12.970999,11.41425,13.793966,12.922035,15.117838,12.866524,13.674148,13.858043,12.906991,12.713038,13.025992,13.014304,13.655133,16.10097,15.712792,13.53977,0.0,0.0,0.0,0.0,0.0
146.0,6.0,0.0,0.0,0.0,0.0,13.463888,11.887691,12.418867,10.554778,13.720925,11.773669,10.640594,12.785413,12.963435,13.109447,12.974255,12.250602,11.8093,13.189658,12.697614,12.484452,12.862639,12.463638,10.956926,12.350949,13.688372,12.62209,12.901344,12.683224,13.480891,11.252684,0.0,12.874164,13.517557,13.279561,11.656083,11.065602,11.253619,12.083278,11.915229,12.156864,13.192704,12.707517,11.802063,13.320181,13.732166,15.047915,13.3962755,13.489748,13.962467,12.895298,12.526819,13.573277,12.947563,14.278548,15.846584,15.506949,13.732945,0.0,0.0,0.0,0.0,0.0
146.0,6.0,0.0,0.0,0.0,0.0,13.730996,12.070673,12.63524,10.89871,13.985655,11.778432,10.479327,13.068387,13.100075,13.403255,13.076118,13.150399,12.116495,13.907236,12.954224,12.891355,13.360803,13.027855,11.472344,12.592731,13.678609,12.969702,13.085745,13.430132,13.779286,11.932403,0.0,13.667962,13.823203,13.578169,12.290998,11.543713,11.704379,12.377059,12.558719,13.289667,13.710452,13.241502,12.2775,13.588432,14.490406,15.230686,14.109836,14.058482,14.153822,13.191671,12.875952,14.491577,13.450382,14.823084,16.265007,15.624504,14.31012,0.0,0.0,0.0,0.0,0.0
146.0,6.0,0.0,0.0,0.0,0.0,13.787573,12.315424,12.820705,11.423954,14.111479,12.372803,11.084441,13.644424,13.359007,13.734356,13.533115,14.070249,13.005621,14.792748,13.65462,13.866638,14.167463,13.556399,12.759878,13.515743,14.087157,13.750035,13.711632,14.138868,14.53946,13.269284,0.0,14.36268,13.904554,14.58657,13.076434,12.60931,12.564336,13.176879,13.3680935,14.366629,14.737281,14.175464,13.301052,14.171072,15.4548235,15.051504,15.55527,15.100386,15.086144,14.368913,13.90202,15.488571,14.4653425,15.753545,16.311153,15.865441,15.424586,0.0,0.0,0.0,0.0,0.0
146.0,6.0,0.0,0.0,0.0,0.0,12.925351,12.136769,12.518398,11.902378,13.800589,12.412785,11.525695,13.657725,13.220113,13.66537,13.785976,15.009108,13.767389,15.066447,13.727797,14.361463,14.49605,13.7075405,13.333495,13.739556,14.161886,13.89534,13.607715,14.438547,14.776137,14.097242,0.0,14.699693,13.660691,14.721268,13.480255,13.346285,13.043858,13.562776,14.051737,14.945405,15.092362,14.610737,13.944635,14.637648,15.512414,14.937346,16.446337,15.635927,15.303759,15.341812,14.6738205,15.987788,15.206926,15.999622,16.17373,15.537314,15.909924,0.0,0.0,0.0,0.0,0.0
146.0,6.0,0.0,0.0,0.0,0.0,11.957467,12.128923,12.202309,11.792138,13.52567,12.393722,12.288627,13.247732,13.145981,13.604502,13.874959,15.282523,14.22235,14.634791,13.293572,14.5962105,14.270129,13.637701,13.680659,14.463694,14.107607,13.592005,13.861487,14.218478,14.046051,14.517256,0.0,14.20059,13.601416,14.080525,13.756947,13.579655,13.337412,13.088646,14.042408,14.702609,15.134561,14.309192,14.133131,14.06024,14.735673,14.784431,16.579735,15.591641,14.860861,15.620984,14.836928,16.203423,15.494772,15.870834,15.865388,15.719321,16.184244,0.0,0.0,0.0,0.0,0.0
146.0,6.0,0.0,0.0,0.0,0.0,12.192447,11.596193,11.975811,11.785729,12.925099,12.454725,12.275297,12.976509,13.036411,13.514157,13.914888,14.60551,13.6313715,14.446283,12.970692,13.880741,14.1285925,13.623079,13.22021,13.766139,13.971095,13.451004,13.840396,13.963623,13.738278,14.082799,0.0,13.92287,13.723005,13.641039,13.3437195,13.094933,13.175015,13.1396475,13.63506,13.432998,13.938897,14.573146,13.28537,13.921318,14.203484,14.538325,15.647119,14.804711,14.615911,15.121981,14.064182,15.355937,14.697732,14.752911,15.538369,15.480702,15.260834,0.0,0.0,0.0,0.0,0.0
146.0,6.0,0.0,0.0,0.0,0.0,12.040716,11.180995,12.144223,12.19228,12.854489,12.309144,12.417192,13.101998,13.053881,13.303359,13.959243,14.413206,14.182061,14.290108,13.263138,13.892986,14.29055,13.563467,13.14525,13.6954155,13.9719515,13.441529,13.684112,13.819303,13.788402,14.219457,0.0,13.700056,13.770663,13.362329,13.42092,12.995119,13.450763,13.148123,13.47925,12.56793,13.18626,15.124569,13.2611065,13.743672,13.870744,14.375075,15.125154,14.8091755,14.501589,15.416586,14.036945,15.169431,14.671098,14.459694,15.234288,15.63153,15.18049,0.0,0.0,0.0,0.0,0.0
146.0,6.0,0.0,0.0,0.0,0.0,11.57657,10.881873,12.275185,12.135866,12.588771,12.0768385,12.710651,13.00306,12.858609,13.09078,13.750331,14.041892,13.830849,13.971054,13.279489,13.953228,14.03404,13.3507185,12.843458,13.256247,13.396166,13.411185,13.50001,13.589254,13.777865,13.980456,0.0,13.398561,13.538944,13.072772,13.394795,12.309239,13.681472,13.137867,12.974532,12.802719,13.622784,14.679662,12.841704,13.389575,13.487628,13.875747,14.708929,14.44019,14.027291,14.974784,13.773915,14.606195,14.488105,14.108646,14.7477,15.537257,14.748518,0.0,0.0,0.0,0.0,0.0
146.0,6.0,0.0,0.0,0.0,0.0,11.279811,11.036947,12.820732,12.080375,12.475523,12.040893,12.902505,13.096581,13.037896,12.971192,14.11678,13.94822,13.550653,14.065455,13.33637,14.368408,13.822152,13.64885,12.761715,13.388972,13.279005,13.39034,13.600452,13.28739,13.797566,13.412379,0.0,13.233241,13.968327,13.078112,13.810876,12.16634,13.947984,13.477563,12.867919,12.952162,13.955742,14.826329,12.922427,13.500431,13.358774,14.055609,14.795385,14.734706,13.623658,14.821295,13.84315,14.767398,14.574907,14.334352,14.7261305,15.701364,14.690673,0.0,0.0,0.0,0.0,0.0
146.0,6.0,0.0,0.0,0.0,0.0,11.294873,11.199867,12.968665,12.110844,12.721853,11.867946,13.078785,13.03475,13.037454,12.984048,14.065021,13.977467,13.263967,13.679642,13.40251,14.598281,13.717424,13.880047,12.755048,13.529968,13.114802,13.572141,13.301348,13.253702,13.848674,13.288518,0.0,13.181841,14.404219,12.939,14.0848875,12.327485,13.912395,13.637936,12.895694,13.175943,13.928457,14.74864,12.872439,13.380011,13.784317,14.371021,14.618057,14.651253,13.721175,15.059398,14.384448,15.117198,14.600816,14.581067,14.938594,15.527317,15.033342,0.0,0.0,0.0,0.0,0.0
146.0,6.0,0.0,0.0,0.0,0.0,11.417038,11.031081,12.908171,12.461417,12.481653,11.826733,13.169348,12.737956,12.966406,13.06309,13.897509,14.251337,13.135602,13.716357,13.49783,15.026323,13.619783,13.774429,12.896382,13.3547945,12.872425,13.716612,13.072936,13.420418,13.775408,13.292921,0.0,13.373393,15.029172,12.985097,14.164631,12.365307,14.091907,13.604667,12.912158,13.715682,14.380317,14.874093,12.995622,13.559965,13.760515,14.408616,14.811968,14.6637535,13.906688,14.840943,14.542941,15.311908,14.741085,14.798203,15.170784,15.2794485,15.199577,0.0,0.0,0.0,0.0,0.0
146.0,6.0,0.0,0.0,0.0,0.0,11.413822,10.998994,12.867761,12.784033,12.476871,11.991147,13.416064,12.579917,13.027322,13.154026,13.648821,14.21608,13.082379,13.738648,13.0597725,15.012606,13.654698,13.5828,12.938379,13.63752,13.150846,14.048167,13.131345,13.205165,13.98114,13.505532,0.0,13.092371,14.73172,13.56696,14.224673,12.611297,13.904782,13.549055,12.974727,14.032297,14.346755,14.848,13.305093,14.117673,13.784074,14.529741,14.790572,14.591275,14.293455,15.133388,14.881857,15.363762,14.621176,15.044083,14.884254,15.037568,15.425741,0.0,0.0,0.0,0.0,0.0
146.0,6.0,0.0,0.0,0.0,0.0,11.187405,10.744934,12.326911,12.661487,12.301322,11.895269,13.10165,12.068176,12.782579,13.112855,13.257187,13.674307,12.931808,13.112845,12.475989,14.531066,13.0925865,12.928493,12.592455,13.386475,12.896992,13.771341,12.738595,12.945744,13.66936,13.288749,0.0,12.840204,14.284627,13.311695,13.40728,12.180592,13.146552,13.065755,12.678053,13.979285,13.731654,14.480273,12.949405,13.960325,13.632029,14.385138,14.188812,14.131741,13.715235,14.706222,14.681864,15.117647,13.905775,14.73785,14.588913,14.422072,15.258679,0.0,0.0,0.0,0.0,0.0
146.0,6.0,0.0,0.0,0.0,0.0,10.98572,10.842314,11.976771,12.694284,12.248807,11.950145,13.009013,11.907611,12.69504,13.162784,13.101502,13.51488,13.163809,13.084851,12.414126,14.275046,13.133291,12.906612,12.631635,13.699894,12.824034,13.735151,12.714203,13.031358,13.232365,13.25393,0.0,12.786519,14.147702,13.330376,13.039544,12.165131,13.014205,12.931818,12.698208,13.648585,13.34291,14.211108,12.951248,14.082406,13.718752,14.568942,13.994135,13.882173,13.658378,14.735636,14.50371,15.042601,13.901503,14.793827,14.575234,14.283052,15.354807,0.0,0.0,0.0,0.0,0.0
146.0,6.0,0.0,0.0,0.0,0.0,10.986114,11.04716,11.816877,12.764122,12.062717,12.0581665,12.887955,11.794967,12.491502,13.036367,13.025551,13.317697,13.052803,12.911953,12.412253,14.003404,12.961402,12.672811,12.355286,13.551053,12.815301,13.504287,12.447957,12.884379,13.24355,13.297952,0.0,12.885563,13.958184,13.360483,13.072229,12.100679,13.042714,12.845148,12.936215,14.042514,13.284613,14.28388,12.899413,13.973969,13.719352,14.492693,13.970551,14.046466,13.859858,14.699493,14.393898,14.860234,13.821013,14.754134,14.703829,14.014814,15.172522,0.0,0.0,0.0,0.0,0.0
146.0,6.0,0.0,0.0,0.0,0.0,11.383061,10.953458,12.038154,12.751629,12.221712,12.027097,12.855871,12.036501,12.500455,13.123703,13.483022,13.557034,13.458618,13.147121,13.004595,13.970645,13.154084,12.605213,12.305733,13.6142845,12.925389,13.385148,12.525175,13.0113945,13.6462,13.476817,0.0,13.232946,14.022884,13.57847,13.278247,12.362534,13.192543,12.719833,13.406379,14.427646,13.736672,14.353239,13.060061,14.189278,14.049738,14.737685,14.009067,14.592064,14.315071,15.080349,14.408407,14.825588,14.066762,15.028714,15.126943,14.317603,15.100006,0.0,0.0,0.0,0.0,0.0
146.0,6.0,0.0,0.0,0.0,0.0,11.449781,11.128919,11.729017,12.454005,12.017846,12.079834,12.928851,12.071088,12.617429,13.008813,13.627087,13.758743,13.763617,13.489195,12.941374,14.328293,13.186323,12.623779,12.410872,13.448856,13.045629,13.517533,12.786435,13.248936,13.80363,13.509508,0.0,13.53256,13.994106,13.758216,13.629831,12.444861,13.68413,12.669262,13.275346,14.617061,14.026941,14.097815,12.938274,14.221018,14.137382,14.725818,14.161135,15.153609,14.605261,14.990531,14.55437,14.981975,14.141752,14.959629,15.257755,14.559405,14.930806,0.0,0.0,0.0,0.0,0.0
146.0,6.0,0.0,0.0,0.0,0.0,11.586486,11.623834,11.864547,12.548124,11.990287,12.108781,12.788682,12.333551,12.671263,12.885338,14.005808,14.006877,14.11825,13.66272,13.535476,14.918947,13.594405,13.105829,12.819699,13.941537,13.540692,13.4940405,13.357428,13.583418,14.0369835,13.706548,0.0,13.869266,14.27164,14.124858,14.066417,12.872696,13.963316,13.312037,13.400336,14.608217,14.409892,14.736557,12.923074,14.232262,14.159999,14.805951,14.60796,15.618626,15.2192545,15.163968,14.895216,15.386297,14.444596,15.133363,15.961799,15.290797,15.149854,0.0,0.0,0.0,0.0,0.0
146.0,6.0,0.0,0.0,0.0,0.0,11.511784,11.546297,11.871622,12.300326,11.923433,12.092151,12.660429,12.357572,12.617159,12.743577,13.879485,14.3320465,14.047867,13.687628,13.738284,15.08657,13.72412,13.049928,13.023534,13.560046,13.478432,13.541247,13.424322,13.619592,14.268237,13.788237,0.0,14.096776,14.39395,13.978183,14.209915,12.974783,13.933292,13.187498,13.6012335,14.64461,14.168006,14.492261,12.770687,14.011185,14.189235,14.809858,14.947439,15.743862,15.541606,15.42304,15.021876,15.412093,14.358927,14.861091,16.055874,15.622538,15.459079,0.0,0.0,0.0,0.0,0.0
146.0,6.0,0.0,0.0,0.0,0.0,11.696439,11.392854,11.741454,12.085504,12.039646,12.164597,12.502446,12.509658,12.752603,12.838633,13.818783,14.6051235,14.186471,13.790154,13.730227,15.32835,13.680223,13.083212,12.980235,13.3431635,13.533314,13.096445,13.572829,13.906648,14.445518,13.824419,0.0,14.198423,14.657999,13.840843,14.563387,13.04735,14.127408,13.260591,13.688474,15.1436205,15.220893,14.264208,13.392524,14.135028,13.803946,14.877147,15.154921,15.877704,15.971957,15.469065,15.172184,15.50188,14.705062,15.339248,16.185993,15.792158,15.6216135,0.0,0.0,0.0,0.0,0.0
146.0,6.0,0.0,0.0,0.0,0.0,11.630547,11.2000675,12.13914,12.062469,12.243183,12.10542,12.390543,12.667014,13.314615,12.923973,13.589355,14.617761,14.247712,13.862996,13.282852,15.236411,14.057989,13.022451,13.32032,13.429356,13.857763,13.357637,13.806055,13.929202,14.651544,13.955741,0.0,13.755004,14.722886,14.146532,14.72206,12.978718,14.029059,13.504642,13.699691,15.643252,15.5904255,14.287756,13.965771,14.098473,14.109988,15.144777,15.471648,15.875988,16.018398,15.728251,15.450745,15.91019,15.090151,15.474184,16.06897,16.173754,16.08081,0.0,0.0,0.0,0.0,0.0
146.0,6.0,0.0,0.0,0.0,0.0,11.274222,10.953912,12.162636,11.722833,12.354583,12.015391,12.173168,12.284515,13.483661,12.742524,13.227131,14.151641,14.286819,13.674391,12.807185,15.199102,13.987319,12.887938,13.183659,13.402181,13.493968,12.998391,13.629754,13.768859,14.277049,13.749817,0.0,13.599528,14.481732,13.981035,14.427912,12.79674,13.881642,13.398877,13.313499,15.487657,15.06036,14.202317,13.966082,13.740806,13.982252,15.074576,15.429686,15.771307,15.250753,15.188156,15.264188,15.946649,14.919176,15.345087,15.853866,16.051882,16.109455,0.0,0.0,0.0,0.0,0.0
146.0,6.0,0.0,0.0,0.0,0.0,10.886007,10.9551325,11.998687,11.555931,12.172428,11.729858,12.006215,12.132008,13.443717,12.445393,12.985596,13.9373255,14.268081,13.525115,12.695917,15.042087,13.986124,12.969449,13.203277,13.443102,13.194111,12.860237,13.430071,13.5357065,14.007786,13.428355,0.0,13.352741,14.152628,13.862221,14.201726,12.82584,13.990148,13.445762,13.1308975,14.774275,14.666665,14.10553,14.061397,14.091118,14.0698805,14.9451065,15.528921,15.2632265,14.768072,14.939476,15.071121,15.594422,15.199489,15.195356,15.753014,15.582725,15.92739,0.0,0.0,0.0,0.0,0.0
146.0,6.0,0.0,0.0,0.0,0.0,10.876808,10.566174,11.864084,11.168137,11.944692,11.650372,12.027389,12.082676,13.051318,11.990045,12.904123,13.681739,13.967006,13.304119,12.409871,14.9386,13.6428585,12.927344,12.738149,12.836805,12.713133,12.565324,12.884778,12.948656,13.891727,13.311123,0.0,12.984682,13.804282,13.740705,14.08305,12.8991,13.894502,13.017481,12.47118,14.440378,14.746848,13.970871,13.906653,13.561407,13.877506,14.609316,15.407357,15.376485,14.201407,14.663992,14.655749,15.005761,15.058113,15.064148,15.570376,14.935908,15.650914,0.0,0.0,0.0,0.0,0.0
146.0,6.0,0.0,0.0,0.0,0.0,10.974975,10.940386,12.215319,11.630688,11.949631,11.9732895,12.19092,12.327281,13.164008,12.056605,13.23566,13.668699,14.33365,13.488203,12.311717,14.939292,13.967919,12.925025,12.736117,13.144004,12.8573475,13.106971,13.066259,12.904393,13.871714,13.094064,0.0,13.313713,13.706748,13.6154175,14.312093,13.187001,14.148876,13.382755,12.502844,14.622707,15.171762,14.115869,14.106538,13.79071,13.886374,14.986599,15.237286,15.51985,14.422403,14.762025,14.809622,15.395573,15.392671,15.581833,15.622999,14.618099,15.749814,0.0,0.0,0.0,0.0,0.0
146.0,6.0,0.0,0.0,0.0,0.0,11.016572,11.127385,12.029201,11.75547,12.09544,12.277933,12.172113,12.818281,13.210027,12.266731,13.282778,13.539392,14.426772,13.427573,11.939711,14.859445,14.012562,12.798467,13.003521,13.320478,13.025262,13.70272,13.407246,12.916799,13.658233,13.007624,0.0,13.456924,13.079003,13.598802,14.318838,13.288465,14.032658,13.710106,12.388395,14.0421715,15.038624,14.066299,13.89756,13.731942,13.640952,15.249101,14.761751,15.291699,14.398025,14.530509,15.152253,15.550066,15.384892,15.592946,15.424415,14.734177,15.591833,0.0,0.0,0.0,0.0,0.0
146.0,6.0,0.0,0.0,0.0,0.0,11.262852,11.331193,12.155467,12.374765,12.100233,12.617706,12.285946,12.941348,13.144395,12.343184,13.366447,13.764571,14.116699,13.386837,11.876512,14.5286,14.099891,12.903947,13.360657,13.49965,13.121276,13.756229,13.539636,13.188282,13.646342,13.068436,0.0,13.35883,12.952443,13.424311,14.081265,13.199044,13.746861,13.858544,12.428879,13.134417,14.391119,14.330182,13.584519,13.724003,13.438837,15.004772,14.500439,14.915529,14.851597,14.553654,15.099938,15.46584,15.264551,15.415633,15.501547,14.9726515,15.645567,0.0,0.0,0.0,0.0,0.0
146.0,6.0,0.0,0.0,0.0,0.0,11.317532,11.812878,12.208366,12.55664,12.237711,13.206568,12.349831,13.238721,13.219071,12.623811,13.36959,13.916463,13.83621,13.421517,12.100807,14.587345,14.1751,12.836963,13.487136,13.538541,13.344844,13.88161,13.488426,13.59208,14.090368,13.360293,0.0,13.884377,12.799789,13.386197,14.121827,13.2153425,13.753369,13.805483,13.224089,12.879131,14.058848,13.892641,13.62849,14.027088,13.195664,15.149709,14.286865,15.072379,15.033831,14.817131,15.570923,15.577192,15.128067,15.480777,15.543451,15.176244,15.917829,0.0,0.0,0.0,0.0,0.0
146.0,6.0,0.0,0.0,0.0,0.0,11.728075,11.92572,12.366849,12.783947,12.603727,13.180808,12.38543,13.187049,12.970076,13.118485,13.491893,14.075582,13.717438,13.236736,12.090197,14.379448,13.928974,12.721662,13.029839,13.271848,13.543949,13.173877,13.368802,13.712512,13.77739,13.315047,0.0,13.762356,13.240501,13.116946,14.099087,12.644662,13.696772,14.239437,12.848041,13.412401,14.390166,14.070456,13.774607,13.728755,13.03678,15.648004,13.899434,14.959748,15.2771635,14.769206,15.3658285,15.319724,15.192187,15.688058,15.409635,15.519971,15.917384,0.0,0.0,0.0,0.0,0.0
146.0,6.0,0.0,0.0,0.0,0.0,11.842931,12.057406,12.465569,13.237147,12.689938,13.395338,12.561444,13.232952,13.159212,13.481384,14.121674,14.4635935,13.550313,13.441969,12.434496,14.491461,13.9700985,12.718526,13.334131,13.433422,13.70432,13.509072,13.540885,14.03105,13.913065,13.604431,0.0,13.908976,13.855205,13.576014,14.021182,12.345774,13.828307,14.413378,12.841118,14.22551,14.520389,14.566224,13.95255,13.692744,13.924049,15.963196,14.551152,15.063481,15.566238,15.032485,15.48481,15.444231,15.479478,15.773826,15.636023,16.478104,16.390276,0.0,0.0,0.0,0.0,0.0
146.0,6.0,0.0,0.0,0.0,0.0,11.587214,12.253452,12.310427,13.178658,12.336466,12.836989,12.783489,12.844551,12.870288,13.043014,13.815679,14.481702,13.361243,13.307616,12.4623375,14.057606,13.627915,12.797374,13.166542,12.973911,13.47507,12.980802,13.0493,13.591328,13.7877655,13.462511,0.0,13.628554,13.566879,13.419877,13.890824,11.980037,13.653305,13.997222,12.63053,14.01982,13.537455,14.355741,13.558772,13.34259,13.809914,15.60354,14.464804,14.772756,15.140994,14.9063425,14.914551,14.738602,14.993899,15.31361,15.319315,16.51002,15.954602,0.0,0.0,0.0,0.0,0.0
146.0,6.0,0.0,0.0,0.0,0.0,11.521167,12.416132,12.229208,12.60215,12.075539,12.635702,13.092858,12.638678,13.172149,13.060865,14.00999,14.623192,13.18132,13.250757,13.353832,14.220322,13.462753,13.006961,13.399962,13.044509,13.25886,13.39689,13.459303,13.536656,13.832285,13.877153,0.0,13.68253,13.526747,13.943258,13.606964,12.323617,13.933745,14.19739,12.793056,14.322261,13.679843,14.664356,13.535392,13.82872,14.417152,15.353213,14.780857,14.660788,15.308888,15.097778,14.456967,14.710143,15.199001,15.232664,15.565176,16.671291,16.047745,0.0,0.0,0.0,0.0,0.0
146.0,6.0,0.0,0.0,0.0,0.0,11.257449,12.0977745,11.9463625,11.996454,11.990188,11.996624,13.026154,12.460294,13.156215,12.645231,14.0421505,14.525173,12.923533,13.178563,13.337699,14.333323,13.307725,13.004276,13.1509,12.7732115,12.609666,13.191434,13.010648,12.978233,13.657227,14.193536,0.0,13.387481,13.384017,14.07761,13.154344,12.243011,13.923012,14.011988,12.317666,13.851391,13.362917,14.722813,13.231034,13.435152,14.456845,14.853954,14.91088,14.832107,14.932939,14.9886055,13.642794,14.352077,14.783659,14.938919,15.488094,16.037277,15.951916,0.0,0.0,0.0,0.0,0.0
146.0,6.0,0.0,0.0,0.0,0.0,11.108155,12.375305,12.306201,12.169689,12.2251835,12.1747265,13.038223,12.715312,13.591234,12.473555,14.306498,14.524401,13.341405,13.126344,13.480077,14.317308,13.700806,12.9636345,13.086866,13.178025,12.656329,13.678297,13.580657,13.106718,13.548226,14.211634,0.0,13.690919,13.474692,14.161517,13.307666,12.47415,13.816038,14.220345,12.761359,14.856289,13.85177,15.079734,13.37584,13.552716,14.498671,14.774824,15.037945,15.013402,15.293828,15.059586,13.519226,14.757592,14.790192,15.365458,15.447005,15.909406,16.090868,0.0,0.0,0.0,0.0,0.0
146.0,6.0,0.0,0.0,0.0,0.0,11.24199,12.11836,12.507026,12.132464,12.615778,12.264522,12.886828,12.892101,13.791936,12.662873,14.465312,14.814591,13.516898,13.352592,13.495789,14.275171,13.876424,13.048193,13.221741,13.567469,12.752039,14.099287,14.1257515,13.434389,13.641523,14.363157,0.0,13.813368,13.73119,14.355511,13.3231535,12.9040365,13.648045,14.307256,13.275614,14.8662,14.323464,15.187141,13.43005,13.915544,14.323533,14.807143,15.303492,15.324045,15.102103,15.24796,13.554308,15.005874,14.509189,15.420643,15.757721,15.852639,16.054447,0.0,0.0,0.0,0.0,0.0
146.0,6.0,0.0,0.0,0.0,0.0,11.493626,11.797706,12.864496,12.327947,12.701723,12.337842,12.852392,12.683885,13.959151,12.8357315,14.420162,14.772326,13.393268,13.565046,13.421658,14.519977,14.023674,13.110693,13.182222,13.837013,12.717885,13.992422,14.14263,13.897675,13.704638,14.241508,0.0,13.635555,13.8882065,14.089975,13.161099,13.246218,13.384573,13.916772,13.659663,14.596294,14.553872,15.457445,13.494759,14.228655,14.1616125,14.609217,15.296406,15.317089,15.096603,15.443448,13.480826,15.389019,14.204938,15.411502,15.953712,15.766664,16.158201,0.0,0.0,0.0,0.0,0.0
146.0,6.0,0.0,0.0,0.0,0.0,11.508229,11.687426,12.867726,12.350184,13.119431,12.3046465,12.536741,12.548988,13.595613,13.110484,14.061532,14.635266,13.567989,13.728987,13.565889,14.8090725,14.379188,13.196596,13.01283,14.225102,12.938395,13.687658,13.781413,14.12705,13.99695,14.18397,0.0,13.845348,14.112317,13.723741,13.317924,13.415811,13.294986,13.893224,14.341775,14.533231,14.727459,15.189839,13.538338,14.26327,13.929688,14.883672,14.880691,15.513037,15.012379,15.694716,13.875632,15.638919,14.433715,15.598024,16.036392,15.595575,16.142569,0.0,0.0,0.0,0.0,0.0
146.0,6.0,0.0,0.0,0.0,0.0,11.933558,11.357781,12.887207,12.582991,13.547072,12.290649,12.635507,12.580784,13.240275,13.564374,13.896997,14.788979,13.856001,14.104021,13.333958,14.888771,14.251279,13.207456,12.708296,14.075119,13.238055,13.29705,13.550324,14.340208,13.887267,13.974069,0.0,13.955264,14.349341,13.685179,13.565,13.087039,13.444844,14.046279,13.937493,14.395489,14.299873,15.253732,13.576489,14.044298,13.909983,15.103245,14.96325,15.718515,15.091502,15.66443,13.915307,15.651069,14.612204,15.689958,15.920017,15.87134,16.152681,0.0,0.0,0.0,0.0,0.0
146.0,6.0,0.0,0.0,0.0,0.0,12.342465,11.442432,12.692318,12.915412,13.497894,12.571202,12.6946535,12.602275,12.968999,13.672908,14.03291,14.887015,14.012626,14.414484,13.158097,15.0233135,14.154584,13.290648,12.751905,14.1544895,13.151103,13.498947,13.273057,14.570369,14.083856,13.763073,0.0,13.879363,14.936584,13.5487995,13.7168455,12.931942,13.513766,13.761864,13.879074,14.149751,13.9883,15.03689,13.465903,13.992383,14.323034,15.186209,15.223361,15.587287,15.2718315,15.543912,14.307066,15.609329,14.582797,15.712722,15.970859,15.992995,16.187672,0.0,0.0,0.0,0.0,0.0
146.0,6.0,0.0,0.0,0.0,0.0,12.50675,11.205412,12.266268,13.1112385,12.855878,12.060313,12.673245,12.419953,12.684944,13.109472,13.535495,14.57275,14.232117,14.282703,12.853801,14.567688,13.871893,13.405182,12.685848,13.674684,13.125448,13.054584,12.795695,13.696575,13.93692,13.226579,0.0,13.155148,14.585121,13.250232,13.891863,12.310298,13.345126,13.34812,13.563571,13.375169,13.49254,14.319375,12.963061,13.601482,13.8984995,14.855802,15.104341,15.100198,14.977992,15.256941,14.403015,15.179645,14.252872,15.420835,15.510063,15.656543,15.672959,0.0,0.0,0.0,0.0,0.0
146.0,6.0,0.0,0.0,0.0,0.0,12.25604,11.083491,12.15594,13.027166,12.479044,12.009991,12.798145,12.410561,12.945046,13.509431,13.919484,14.332023,14.346915,14.333443,13.194657,14.595317,14.009407,13.321228,12.97897,13.819311,13.303069,13.504139,12.936556,13.778988,14.180911,13.446116,0.0,13.31097,14.665438,13.6485815,14.346722,12.685293,13.853326,13.904595,13.3784895,13.334167,13.658034,14.490067,13.20162,14.080663,14.239766,14.976915,15.328178,15.184719,15.1633005,15.183367,14.462968,15.516211,14.726918,15.381015,15.710332,15.703997,15.516276,0.0,0.0,0.0,0.0,0.0
146.0,6.0,0.0,0.0,0.0,0.0,11.983524,11.409129,11.850238,12.705702,12.575648,11.484466,12.847274,12.454388,12.898073,13.134826,14.005256,14.089579,14.375477,14.063058,12.817244,14.550144,14.220427,13.362704,12.753109,13.473937,13.056578,13.134605,12.583963,13.602262,14.054477,13.639876,0.0,13.128633,14.194192,13.72944,14.311932,12.251409,13.839317,13.613523,12.721087,12.941179,13.249683,14.527909,12.917868,13.794255,14.007603,14.790238,15.349311,15.166138,14.976532,15.184479,14.470444,15.392647,14.666889,15.1510515,15.655541,15.591453,15.2871275,0.0,0.0,0.0,0.0,0.0
146.0,6.0,0.0,0.0,0.0,0.0,11.548251,11.298334,11.765486,12.350377,12.386466,11.526332,12.829224,12.40548,12.800945,12.814161,13.818103,13.786266,14.339855,13.84291,12.825127,14.158718,13.994808,13.325099,12.639673,13.066438,13.179264,13.006561,12.726116,13.507176,14.034906,13.392076,0.0,12.870714,13.967072,13.805419,14.056033,12.224529,13.835199,13.092929,12.47199,13.223034,13.294953,14.582775,12.912468,13.345798,13.791434,14.695839,15.315867,15.273507,14.8303585,15.107298,14.4526205,15.187698,14.727946,15.104666,15.50121,15.46156,15.108277,0.0,0.0,0.0,0.0,0.0
146.0,6.0,0.0,0.0,0.0,0.0,11.449611,11.31181,11.951412,12.29918,12.154181,11.582862,12.674038,12.364922,12.893959,12.662496,13.981456,13.626173,14.1436,13.9831085,12.928094,14.07479,14.04219,13.476628,12.629342,12.732608,13.167092,13.034495,12.951456,13.542433,13.790075,13.499378,0.0,12.827745,14.021459,13.955461,13.776616,12.443449,13.714972,13.144509,12.426683,13.64768,13.373557,14.861639,12.758828,13.515909,13.763945,14.662333,15.554666,15.230682,14.853507,15.161872,14.470517,15.209204,14.702259,14.908842,15.632113,15.563273,15.067313,0.0,0.0,0.0,0.0,0.0
146.0,6.0,0.0,0.0,0.0,0.0,11.333585,11.284816,11.9823675,12.092792,12.085037,11.431842,12.517573,12.194719,13.113293,12.574667,13.711358,13.423293,13.823331,13.6354,13.00421,14.21931,13.731373,13.521872,12.711364,12.607039,13.007147,12.902345,13.046427,13.573747,13.6431465,13.673853,0.0,12.709036,13.608089,13.735197,13.620445,12.529382,13.438725,12.9663,12.743059,13.858812,13.582135,15.154826,13.154866,13.834656,14.08638,14.578849,15.320589,14.9658,14.78586,15.081298,14.331482,15.421058,15.073742,15.06419,15.506586,15.422928,15.221753,0.0,0.0,0.0,0.0,0.0
146.0,6.0,0.0,0.0,0.0,0.0,11.145623,10.944521,11.988152,11.857008,12.187869,10.982201,12.228947,12.084666,12.816567,12.362933,13.140598,13.421867,13.53447,13.376509,12.779206,14.06929,13.45981,13.436041,12.626385,12.380859,12.887094,12.718244,12.830464,13.290283,13.343025,13.659303,0.0,12.648716,13.372488,13.1919365,13.28936,12.384872,13.275647,12.994574,13.076463,13.98073,13.287913,14.762446,13.241504,13.566277,14.040417,14.542925,14.742427,15.207581,14.478334,14.83701,14.2960415,15.270015,15.088885,14.794624,15.2093315,15.213195,15.220849,0.0,0.0,0.0,0.0,0.0
146.0,6.0,0.0,0.0,0.0,0.0,11.453374,11.248309,12.208852,12.036398,12.619126,11.434995,12.446073,12.263109,13.28246,12.527239,13.078661,13.626323,13.508606,13.556401,12.856084,14.277833,13.352509,13.222979,12.693872,12.472067,13.1868925,13.068462,13.000731,13.630009,13.247181,14.133386,0.0,13.051947,13.155562,13.30677,13.210191,12.844919,13.656656,13.108986,13.404224,13.803332,13.551721,14.819839,13.454292,14.036073,13.8589735,14.582409,14.861244,15.556788,14.757894,14.595645,14.65787,15.677501,15.327127,14.885277,15.325751,15.312996,15.823404,0.0,0.0,0.0,0.0,0.0
146.0,6.0,0.0,0.0,0.0,0.0,11.473215,11.242467,12.128845,11.837551,12.343789,11.446288,12.059827,12.062699,13.257273,12.570917,13.332768,13.581994,13.519549,13.746074,12.881169,14.357492,13.005822,13.314252,12.509155,12.536151,12.938416,13.259308,13.152273,13.565449,12.918731,14.021736,0.0,12.583434,13.527771,12.99517,13.156312,12.835499,13.531622,13.137249,13.449022,13.506096,13.545218,14.378309,13.368085,13.8894415,13.775628,14.573758,14.749436,15.336738,14.566356,14.140516,14.381806,15.717971,14.910874,14.748343,15.408507,14.954177,15.976945,0.0,0.0,0.0,0.0,0.0
146.0,6.0,0.0,0.0,0.0,0.0,11.791065,10.999984,11.902434,12.0604925,12.021771,11.969943,11.909074,12.196215,13.193738,12.435277,13.34244,13.397537,13.689342,14.06614,12.763135,14.069716,13.203293,13.149303,12.764157,12.863846,12.96163,13.432864,13.408454,13.037253,12.799885,13.921238,0.0,12.569288,13.361218,13.027889,13.273553,12.966506,13.435968,13.309466,13.614436,13.354683,13.77671,14.03294,13.520465,13.917386,13.831736,14.513773,14.723956,15.278411,14.658584,13.919898,14.488447,15.703024,14.778667,14.631311,15.515153,14.779251,16.343136,0.0,0.0,0.0,0.0,0.0
146.0,6.0,0.0,0.0,0.0,0.0,11.787376,11.114474,11.936829,12.103122,12.012589,12.231265,11.983567,12.319059,13.134908,12.635164,13.618284,13.318441,13.815045,14.273067,12.792469,14.051381,13.366428,13.115772,12.857607,13.097118,13.074762,13.6503315,13.546034,13.159448,12.877805,14.031938,0.0,12.689929,13.428972,13.114599,13.459282,13.163872,13.498033,13.497611,13.577435,13.282366,13.937514,14.009269,13.623127,13.925831,13.887162,14.626981,14.7473345,15.440238,14.726449,14.045194,14.533053,15.772551,14.765061,14.629442,15.763295,14.876534,16.487617,0.0,0.0,0.0,0.0,0.0
146.0,6.0,0.0,0.0,0.0,0.0,11.73464,11.338082,11.9918585,12.131968,12.09417,12.619287,12.170462,12.503759,12.958767,12.966906,14.130845,13.201178,14.01615,14.534439,12.8232155,14.017696,13.655198,13.068216,13.029115,13.526405,13.265658,13.987447,13.721403,13.436927,13.022196,14.218734,0.0,12.9730215,13.563266,13.254869,13.778185,13.413568,13.584702,13.78692,13.429242,13.130038,14.124553,13.968619,13.736375,13.8907995,13.994085,14.820793,14.726249,15.731821,14.8077345,14.398368,14.638862,15.853645,14.780722,14.66707,16.181225,15.101036,16.560913,0.0,0.0,0.0,0.0,0.0
146.0,6.0,0.0,0.0,0.0,0.0,11.640483,11.452651,11.97107,12.046054,12.323896,12.665788,12.340779,12.502367,12.703695,13.041204,14.422429,13.187688,14.062814,14.432661,12.767953,13.971606,13.76466,13.050467,13.136089,13.798326,13.317895,14.0571575,13.668976,13.640329,13.050422,14.271625,0.0,13.243468,13.641366,13.253694,13.8950405,13.302732,13.552182,13.828779,13.197002,12.951264,13.996772,13.869581,13.635954,13.759308,14.046877,14.876065,14.537099,15.861679,14.737557,14.801347,14.751183,15.799396,14.843448,14.753933,16.323061,15.269722,16.206896,0.0,0.0,0.0,0.0,0.0
146.0,6.0,0.0,0.0,0.0,0.0,11.527772,11.335935,11.805496,11.797928,12.719637,12.176337,12.413972,12.189153,12.368543,12.657989,14.290463,13.337014,13.85019,13.7759285,12.568143,13.893446,13.539647,13.067082,13.12572,13.7836485,13.121679,13.695088,13.275057,13.627817,12.841401,14.085289,0.0,13.4192,13.597782,12.994372,13.651479,12.630785,13.317387,13.465424,12.898567,12.726622,13.391706,13.631382,13.21278,13.498677,13.986871,14.678717,14.086754,15.687057,14.42128,15.149764,14.851279,15.54012,14.941122,14.882924,15.982864,15.267721,15.257861,0.0,0.0,0.0,0.0,0.0
146.0,6.0,0.0,0.0,0.0,0.0,11.419377,10.865684,11.4261675,11.340137,13.299257,10.956505,12.309494,11.438387,11.952158,11.617182,13.53238,13.7082,13.273433,12.3724375,12.165248,13.763551,12.824993,13.122622,12.945195,13.353147,12.567216,12.736867,12.425952,13.25755,12.274053,13.554405,0.0,13.418143,13.367026,12.360207,12.889131,11.197142,12.797222,12.539087,12.551786,12.436685,12.146888,13.173246,12.357769,13.076227,13.755397,14.114664,13.2820835,15.065193,13.76426,15.339256,14.920411,15.006139,15.061628,15.046942,14.954695,14.980161,13.5461035,0.0,0.0,0.0,0.0,0.0
