type,role,mac,rssi,rate,sig_mode,mcs,bandwidth,smoothing,not_sounding,aggregation,stbc,fec_coding,sgi,noise_floor,ampdu_cnt,channel,secondary_channel,local_timestamp,ant,sig_len,rx_state,real_time_set,real_timestamp,len,CSI_DATA
CSI_DATA,STA,40:91:51:FC:DF:8D,-69,11,0,0,0,0,0,0,0,0,0,-96,0,6,1,43184,0,34,0,0,0.433623,128,[34 32 2 0 0 0 0 0 0 0 0 0 16 1 17 2 17 4 19 4 16 3 17 5 17 6 16 6 17 7 16 6 17 8 18 9 18 9 17 11 19 9 17 12 17 12 14 9 16 12 16 11 16 10 17 11 15 9 14 12 16 12 16 12 0 0 18 13 16 11 18 12 16 10 16 10 18 9 17 10 17 8 18 9 15 9 18 11 16 8 20 10 23 10 17 10 22 10 20 7 22 7 21 8 20 5 23 6 21 6 21 2 22 4 22 4 21 4 0 0 0 0 0 0 0 0 0 0 ]
CSI_DATA,STA,40:91:51:FC:DF:8D,-69,11,0,0,0,0,0,0,0,0,0,-96,0,6,1,45493,0,34,0,0,0.467592,128,[34 32 2 0 0 0 0 0 0 0 0 0 -15 -10 -16 -10 -17 -12 -17 -16 -14 -13 -16 -15 -16 -14 -16 -14 -13 -14 -15 -15 -15 -19 -16 -18 -14 -19 -12 -19 -13 -20 -12 -21 -13 -22 -11 -17 -11 -19 -13 -18 -13 -19 -11 -20 -11 -16 -10 -19 -11 -21 -10 -22 0 0 -13 -20 -12 -20 -12 -22 -12 -19 -13 -20 -14 -19 -15 -19 -16 -20 -11 -20 -9 -18 -16 -21 -15 -17 -16 -19 -17 -19 -13 -18 -18 -21 -18 -19 -17 -18 -20 -19 -19 -16 -22 -15 -21 -17 -19 -13 -21 -18 -21 -15 -22 -16 0 0 0 0 0 0 0 0 0 0 ]
CSI_DATA,STA,40:91:51:FC:DF:8D,-69,11,0,0,0,0,0,0,0,0,0,-96,0,6,1,4144211,0,30,0,0,4.53428,128,[30 -32 1 0 0 0 0 0 0 0 0 0 10 15 9 15 8 16 8 18 8 17 8 18 6 19 6 20 6 20 6 19 6 22 5 22 4 22 2 21 4 20 2 24 1 22 2 21 2 21 1 21 1 22 0 23 1 19 1 21 1 22 1 21 0 0 2 21 2 22 3 24 4 21 3 19 4 22 3 23 4 21 6 22 4 21 4 25 6 21 6 21 7 23 6 23 7 23 8 24 8 22 8 24 9 22 9 22 11 24 11 22 10 23 12 21 12 22 0 0 0 0 0 0 0 0 0 0 ]
CSI_DATA,STA,40:91:51:FC:DF:8D,-68,11,0,0,0,0,0,0,0,0,0,-96,0,6,1,7821872,0,131,0,0,8.21235,128,[-125 48 8 0 0 0 0 0 0 0 0 0 11 -16 11 -15 13 -17 16 -17 14 -16 15 -16 18 -14 17 -13 19 -14 18 -13 19 -15 19 -14 21 -14 20 -12 19 -13 22 -14 20 -12 20 -11 20 -11 21 -11 20 -10 21 -10 19 -10 21 -11 21 -12 22 -9 0 0 20 -12 21 -13 20 -13 20 -13 19 -12 21 -14 20 -12 20 -13 20 -14 20 -15 21 -15 18 -13 17 -17 20 -15 21 -17 20 -17 20 -19 19 -18 20 -18 19 -18 20 -19 18 -20 16 -21 17 -23 15 -22 15 -21 0 0 0 0 0 0 0 0 0 0 ]
CSI_DATA,STA,40:91:51:FC:DF:8D,-73,11,1,2,1,1,1,1,0,0,0,-96,6,6,1,10747012,0,110,0,0,11.1998,384,[110 96 6 0 0 0 0 0 0 0 0 0 5 7 4 5 5 3 3 7 8 4 2 5 4 2 2 5 1 5 5 6 3 6 3 6 2 6 3 6 2 6 3 8 2 7 1 7 1 7 2 6 2 7 1 6 1 7 1 7 1 8 1 6 0 0 0 7 1 8 1 7 1 7 1 7 1 7 1 7 2 7 1 7 2 7 2 8 2 6 2 7 2 6 2 7 3 8 2 7 2 7 3 8 4 8 3 7 3 7 3 6 3 8 3 7 3 7 0 0 0 0 0 0 0 0 0 0 ]
CSI_DATA,STA,40:91:51:FC:DF:8D,-74,11,1,3,1,1,1,1,0,0,0,-96,3,6,1,10747579,0,110,0,0,11.2311,384,[110 96 6 0 0 0 0 0 0 0 0 0 10 4 9 6 8 7 8 8 8 8 7 9 8 9 7 9 8 10 7 9 7 11 7 12 6 11 5 12 5 12 6 13 5 12 6 12 5 11 5 11 5 11 5 12 4 12 4 13 3 12 4 12 0 0 4 10 5 12 5 11 6 12 5 11 4 12 4 11 5 11 5 11 6 11 6 12 6 11 6 11 6 11 8 11 8 12 8 11 8 10 9 10 8 11 10 11 9 10 10 11 10 9 10 10 12 9 0 0 0 0 0 0 0 0 0 0 ]
CSI_DATA,STA,40:91:51:FC:DF:8D,-75,11,1,3,1,1,1,1,0,0,0,-96,6,6,1,10908285,0,110,0,0,11.3231,384,[110 96 6 0 0 0 0 0 0 0 0 0 13 0 11 0 12 1 13 2 13 1 13 3 12 4 12 5 13 4 13 5 12 5 12 8 12 6 11 6 13 5 12 7 13 7 12 8 12 7 11 7 11 7 12 7 11 8 11 7 10 9 10 8 0 0 12 8 12 8 12 7 13 6 11 7 11 6 11 7 12 7 12 5 13 6 15 5 13 5 12 5 12 3 14 5 15 5 15 4 14 2 15 5 16 3 15 4 16 3 16 2 15 2 16 3 17 2 0 0 0 0 0 0 0 0 0 0 ]
CSI_DATA,STA,40:91:51:FC:DF:8D,-74,11,1,3,1,1,1,1,0,0,0,-96,3,6,1,11382034,0,110,0,0,11.7721,384,[110 96 6 0 0 0 0 0 0 0 0 0 12 -4 13 -3 13 -3 14 -1 13 -2 12 -1 14 -2 14 -1 15 0 13 1 15 1 16 1 13 2 14 3 13 1 15 4 13 3 14 4 14 3 15 4 13 4 14 4 14 4 13 5 14 5 14 4 0 0 13 3 14 3 14 3 15 3 13 3 14 1 15 2 13 3 14 2 15 1 15 1 14 2 14 1 16 0 16 0 16 0 17 -1 17 0 18 -2 16 -3 17 -1 16 -2 16 -2 17 -3 18 -3 18 -4 0 0 0 0 0 0 0 0 0 0 ]
CSI_DATA,STA,40:91:51:FC:DF:8D,-74,11,1,3,1,1,1,1,0,0,0,-96,4,6,1,11400495,0,110,0,0,11.8047,384,[110 96 6 0 0 0 0 0 0 0 0 0 -12 -1 -12 -3 -12 -4 -12 -3 -13 -4 -13 -4 -13 -7 -12 -7 -13 -6 -13 -8 -12 -7 -12 -8 -12 -9 -11 -9 -12 -7 -14 -9 -12 -9 -12 -7 -11 -10 -12 -8 -12 -8 -12 -8 -11 -10 -10 -10 -12 -9 -12 -9 0 0 -11 -9 -11 -8 -11 -7 -11 -7 -11 -9 -12 -6 -12 -7 -13 -7 -13 -6 -13 -5 -14 -7 -12 -7 -14 -5 -13 -4 -15 -5 -16 -6 -14 -6 -14 -4 -15 -4 -14 -3 -16 -4 -16 -3 -16 -2 -17 -2 -16 -2 -15 -3 0 0 0 0 0 0 0 0 0 0 ]
CSI_DATA,STA,40:91:51:FC:DF:8D,-74,11,1,3,1,1,1,1,0,0,0,-96,2,6,1,11403833,0,110,0,0,11.8486,384,[110 96 6 0 0 0 0 0 0 0 0 0 4 10 4 10 5 11 3 12 3 12 3 11 1 12 0 12 1 13 0 12 -1 13 -1 13 -1 14 -1 13 -2 13 0 14 -2 14 -2 14 -3 12 -2 12 -4 12 -3 12 -4 12 -4 13 -3 13 -2 14 0 0 -3 12 -2 13 -2 13 -3 13 -3 13 -2 12 -2 13 -2 13 -2 13 -1 13 0 14 -1 13 0 13 1 14 0 14 1 14 1 14 2 13 1 14 2 14 2 15 2 15 3 15 3 15 2 15 4 15 0 0 0 0 0 0 0 0 0 0 ]
CSI_DATA,STA,40:91:51:FC:DF:8D,-73,11,1,2,1,1,1,1,0,0,0,-96,6,6,1,11520255,0,110,0,0,11.9339,384,[110 96 6 0 0 0 0 0 0 0 0 0 -12 6 -13 5 -15 5 -15 4 -13 3 -14 4 -14 2 -13 1 -15 1 -15 2 -16 0 -16 1 -16 0 -16 -1 -15 -1 -17 1 -16 -1 -15 -1 -15 -1 -15 -1 -15 -2 -15 -2 -15 -3 -15 -2 -16 -2 -17 -4 0 0 -16 -3 -16 -3 -16 -1 -16 0 -14 -3 -16 -1 -15 -2 -15 -2 -16 -1 -17 -1 -18 -1 -16 1 -17 2 -16 1 -17 0 -18 2 -17 1 -17 3 -18 2 -18 3 -19 2 -17 3 -17 3 -18 5 -18 4 -18 5 0 0 0 0 0 0 0 0 0 0 ]
CSI_DATA,STA,40:91:51:FC:DF:8D,-74,11,1,3,1,1,1,1,0,0,0,-96,6,6,1,11524045,0,110,0,0,11.976,384,[110 96 6 0 0 0 0 0 0 0 0 0 11 -6 12 -6 13 -6 12 -4 12 -4 14 -3 13 -3 13 -2 14 -2 14 -3 14 -3 15 -1 14 -1 15 -1 13 0 15 1 14 1 13 1 13 1 13 1 14 3 13 1 14 2 14 2 15 1 14 2 0 0 14 1 14 1 15 2 13 2 14 0 14 1 14 0 14 0 13 0 15 -1 16 -2 14 -1 15 -2 15 -2 17 -2 15 -2 17 -3 15 -3 16 -3 17 -4 18 -4 16 -5 17 -5 17 -6 17 -6 16 -7 0 0 0 0 0 0 0 0 0 0 ]
CSI_DATA,STA,40:91:51:FC:DF:8D,-74,11,1,3,1,1,1,1,0,0,0,-96,2,6,1,11634604,0,110,0,0,12.0248,384,[110 96 6 0 0 0 0 0 0 0 0 0 6 9 5 10 5 10 3 12 4 11 3 11 2 12 2 11 2 12 1 12 1 14 0 13 -1 13 0 13 0 11 0 14 -1 13 0 14 -2 13 -1 12 -2 13 -3 13 -1 13 -2 13 -2 11 -1 13 0 0 -1 13 0 13 -1 14 0 12 -1 11 0 13 0 12 -1 12 0 13 1 13 1 13 1 12 2 12 3 13 3 14 3 13 4 14 4 13 3 14 5 13 5 14 4 14 6 14 5 12 6 15 6 14 0 0 0 0 0 0 0 0 0 0 ]
CSI_DATA,STA,40:91:51:FC:DF:8D,-74,11,1,3,1,1,1,1,0,0,0,-96,6,6,1,11635642,0,110,0,0,12.0534,384,[110 96 6 0 0 0 0 0 0 0 0 0 -8 9 -8 9 -9 9 -9 9 -10 9 -10 7 -11 8 -12 7 -11 8 -12 7 -13 6 -10 6 -13 6 -13 5 -12 5 -15 5 -13 5 -13 6 -13 5 -12 4 -12 6 -13 4 -13 5 -14 4 -13 4 -12 4 0 0 -12 5 -12 4 -12 5 -13 5 -12 5 -13 6 -12 5 -13 5 -10 4 -10 8 -14 9 -11 8 -12 7 -12 8 -13 8 -9 10 -12 10 -13 9 -11 9 -10 12 -12 13 -12 11 -11 13 -10 11 -12 12 -9 13 0 0 0 0 0 0 0 0 0 0 ]
CSI_DATA,STA,40:91:51:FC:DF:8D,-72,11,1,2,1,1,1,1,0,0,0,-96,1,6,1,11637748,0,110,0,0,12.094,384,[110 96 6 0 0 0 0 0 0 0 0 0 -8 -8 -7 -8 -8 -8 -7 -10 -7 -10 -5 -10 -6 -10 -5 -11 -6 -11 -4 -11 -4 -13 -4 -12 -4 -13 -4 -13 -3 -12 -4 -15 -4 -12 -3 -12 -4 -13 -3 -13 -3 -12 -4 -13 -2 -12 -2 -13 -1 -14 -3 -13 0 0 -3 -13 -4 -13 -4 -13 -4 -12 -4 -12 -4 -12 -3 -13 -3 -12 -6 -12 -6 -11 -5 -13 -5 -12 -6 -13 -6 -11 -7 -13 -7 -13 -7 -13 -8 -13 -7 -12 -11 -12 -10 -13 -7 -13 -7 -13 -8 -13 -10 -11 -9 -13 0 0 0 0 0 0 0 0 0 0 ]
CSI_DATA,STA,40:91:51:FC:DF:8D,-74,11,1,3,1,1,1,1,0,0,0,-96,6,6,1,11756973,0,110,0,0,12.1473,384,[110 96 6 0 0 0 0 0 0 0 0 0 -11 -7 -12 -5 -13 -6 -10 -7 -12 -7 -11 -8 -11 -10 -10 -10 -9 -10 -10 -10 -10 -9 -10 -11 -9 -10 -9 -11 -9 -11 -10 -12 -8 -11 -9 -12 -8 -11 -7 -12 -7 -13 -8 -12 -9 -13 -7 -11 -7 -12 -8 -12 0 0 -8 -11 -9 -12 -8 -12 -9 -12 -9 -11 -9 -11 -10 -12 -9 -12 -9 -10 -10 -9 -11 -9 -9 -11 -12 -9 -10 -9 -12 -9 -13 -8 -12 -11 -13 -10 -13 -9 -13 -9 -14 -9 -13 -8 -15 -8 -14 -8 -14 -9 -15 -8 0 0 0 0 0 0 0 0 0 0 ]
CSI_DATA,STA,40:91:51:FC:DF:8D,-74,11,1,3,1,1,1,1,0,0,0,-96,3,6,1,11757742,0,110,0,0,12.1865,384,[110 96 6 0 0 0 0 0 0 0 0 0 -12 -2 -12 -3 -12 -4 -11 -4 -13 -4 -11 -5 -13 -5 -11 -7 -13 -7 -12 -6 -12 -7 -12 -11 -11 -9 -11 -9 -10 -7 -12 -10 -11 -7 -11 -8 -10 -8 -11 -8 -11 -9 -11 -9 -11 -10 -12 -9 -10 -9 -11 -10 0 0 -11 -9 -11 -9 -11 -8 -11 -9 -11 -7 -13 -7 -12 -8 -13 -7 -16 -6 -16 -8 -13 -8 -11 -7 -15 -5 -14 -6 -16 -5 -15 -6 -14 -5 -15 -4 -15 -4 -16 -2 -16 -5 -16 -3 -16 -4 -16 -2 -16 -3 -16 -2 0 0 0 0 0 0 0 0 0 0 ]
CSI_DATA,STA,40:91:51:FC:DF:8D,-74,11,1,3,1,1,1,1,0,0,0,-96,5,6,1,11854269,0,110,0,0,12.2446,384,[110 96 6 0 0 0 0 0 0 0 0 0 10 4 9 6 9 5 9 6 10 6 9 7 10 8 9 9 8 8 8 9 9 10 7 10 7 11 6 10 5 9 8 12 7 11 7 12 6 11 7 13 6 11 7 11 5 12 4 12 4 11 5 13 0 0 4 12 5 12 5 12 6 12 5 10 6 12 6 11 6 11 6 10 7 12 7 12 6 11 8 10 8 11 8 10 10 11 9 12 10 10 9 11 11 10 12 12 10 11 10 11 10 10 10 11 12 9 0 0 0 0 0 0 0 0 0 0 ]
CSI_DATA,STA,40:91:51:FC:DF:8D,-73,11,1,3,1,1,1,1,0,0,0,-96,1,6,1,11854977,0,110,0,0,12.2719,384,[110 96 6 0 0 0 0 0 0 0 0 0 12 2 10 5 10 4 11 5 11 5 11 6 10 8 10 7 12 8 10 8 11 8 11 9 9 9 8 12 6 4 8 10 7 11 7 14 14 18 6 9 9 9 7 9 9 10 9 9 8 9 7 9 0 0 9 7 10 8 8 8 10 9 10 8 8 8 10 7 10 9 12 6 13 6 13 7 10 7 12 6 12 6 13 7 14 7 12 6 12 5 12 6 13 5 15 4 13 4 14 4 14 3 15 4 15 4 0 0 0 0 0 0 0 0 0 0 ]
CSI_DATA,STA,40:91:51:FC:DF:8D,-75,11,1,3,1,1,1,1,0,0,0,-96,4,6,1,11926389,0,110,0,0,12.3167,384,[110 96 6 0 0 0 0 0 0 0 0 0 13 -4 11 -5 13 -3 13 -2 14 -2 12 -2 13 0 14 1 14 0 13 1 14 2 14 2 13 2 13 2 13 2 15 3 14 4 14 3 13 5 14 3 13 4 15 3 13 6 13 4 14 5 13 6 0 0 14 5 13 4 14 4 13 4 15 3 15 4 14 3 14 4 13 2 14 2 16 3 14 3 16 1 14 0 17 0 16 -3 16 0 16 -1 17 -2 16 -2 17 -2 15 -1 16 -3 17 -1 18 -2 17 -3 0 0 0 0 0 0 0 0 0 0 ]
CSI_DATA,STA,40:91:51:FC:DF:8D,-73,11,1,2,1,1,1,1,0,0,0,-96,6,6,1,11931284,0,110,0,0,12.3469,384,[110 96 6 0 0 0 0 0 0 0 0 0 8 6 7 8 8 8 7 8 7 10 6 11 6 11 6 11 6 11 5 11 5 13 5 13 5 13 5 13 4 12 4 14 3 13 3 13 3 12 4 13 3 12 3 13 2 12 1 13 2 13 4 13 0 0 4 13 4 14 4 14 3 12 4 12 4 13 5 12 5 12 5 12 6 12 6 11 6 13 6 11 5 11 7 12 7 13 8 13 8 12 9 12 9 11 9 12 9 12 9 11 9 12 9 13 11 12 0 0 0 0 0 0 0 0 0 0 ]
CSI_DATA,STA,40:91:51:FC:DF:8D,-74,11,1,3,1,1,1,1,0,0,0,-96,6,6,1,11931896,0,110,0,0,12.3816,384,[110 96 6 0 0 0 0 0 0 0 0 0 11 1 11 0 11 2 10 2 11 2 10 2 11 4 11 4 11 4 10 5 11 6 11 6 12 7 10 8 9 5 12 7 10 7 11 7 9 7 10 8 10 7 10 8 10 8 10 7 9 8 11 8 0 0 10 6 11 7 9 7 10 7 9 7 10 6 10 6 10 8 10 6 11 7 11 6 12 5 13 5 12 5 13 5 13 5 13 5 11 2 13 3 12 2 14 4 14 3 13 2 14 2 14 3 15 2 0 0 0 0 0 0 0 0 0 0 ]
CSI_DATA,STA,40:91:51:FC:DF:8D,-74,11,1,3,1,1,1,1,0,0,0,-96,2,6,1,11932383,0,110,0,0,12.417,384,[110 96 6 0 0 0 0 0 0 0 0 0 -9 -9 -8 -8 -8 -10 -8 -9 -7 -11 -7 -11 -7 -11 -6 -11 -5 -12 -5 -12 -6 -13 -5 -14 -4 -12 -4 -12 -3 -12 -3 -14 -4 -13 -5 -14 -4 -12 -3 -13 -5 -13 -1 -13 -2 -14 -2 -12 -3 -14 -3 -14 0 0 -4 -14 -3 -13 -2 -12 -4 -14 -4 -13 -2 -13 -4 -14 -4 -13 -5 -12 -6 -12 -5 -13 -5 -13 -5 -13 -6 -12 -5 -14 -8 -14 -7 -14 -7 -12 -8 -14 -9 -13 -8 -13 -9 -14 -10 -12 -9 -13 -10 -13 -10 -13 0 0 0 0 0 0 0 0 0 0 ]
CSI_DATA,STA,40:91:51:FC:DF:8D,-74,11,1,3,1,1,1,1,0,0,0,-96,6,6,1,12087125,0,110,0,0,12.4776,384,[110 96 6 0 0 0 0 0 0 0 0 0 -2 -11 -1 -13 0 -13 0 -12 2 -13 1 -12 2 -13 2 -13 2 -13 2 -13 4 -12 5 -14 3 -13 6 -12 5 -13 5 -14 6 -12 4 -13 5 -12 6 -13 6 -12 7 -12 6 -11 6 -11 7 -12 6 -13 0 0 6 -13 7 -13 6 -11 5 -13 6 -13 5 -12 6 -13 5 -13 5 -13 5 -13 3 -14 4 -13 3 -13 4 -14 3 -15 4 -15 4 -16 3 -14 4 -14 1 -16 3 -15 3 -15 2 -15 2 -16 2 -16 2 -16 0 0 0 0 0 0 0 0 0 0 ]
CSI_DATA,STA,40:91:51:FC:DF:8D,-74,11,1,4,1,1,1,1,0,0,0,-96,6,6,1,12087750,0,110,0,0,12.5096,384,[110 96 6 0 0 0 0 0 0 0 0 0 -8 8 -7 9 -10 8 -9 8 -9 8 -8 8 -11 7 -11 7 -12 6 -11 6 -11 7 -13 7 -13 5 -12 6 -11 5 -13 5 -14 3 -13 5 -13 3 -12 4 -14 2 -12 3 -13 2 -14 4 -12 2 -14 3 0 0 -15 2 -14 1 -13 3 -11 4 -14 3 -12 2 -14 2 -15 5 -8 1 -15 5 -12 7 -13 4 -14 6 -13 3 -14 4 -15 6 -15 6 -13 6 -14 5 -13 6 -14 7 -13 6 -14 6 -15 8 -14 7 -13 7 0 0 0 0 0 0 0 0 0 0 ]
CSI_DATA,STA,40:91:51:FC:DF:8D,-72,11,1,2,1,1,1,1,0,0,0,-96,4,6,1,12097515,0,110,0,0,12.5494,384,[110 96 6 0 0 0 0 0 0 0 0 0 -7 9 -8 8 -8 10 -9 11 -9 8 -9 8 -10 9 -10 8 -11 9 -11 7 -12 8 -12 9 -13 8 -13 8 -13 6 -13 8 -14 6 -13 5 -12 5 -13 6 -12 5 -12 6 -11 5 -14 6 -13 6 -14 6 0 0 -13 7 -13 6 -13 7 -11 7 -12 6 -12 7 -13 6 -12 8 -12 7 -12 8 -12 8 -12 8 -12 9 -12 10 -11 9 -12 11 -11 11 -10 11 -11 12 -10 12 -12 12 -10 12 -10 13 -9 14 -10 13 -9 13 0 0 0 0 0 0 0 0 0 0 ]
CSI_DATA,STA,40:91:51:FC:DF:8D,-74,11,1,3,1,1,1,1,0,0,0,-96,6,6,1,12210443,0,110,0,0,12.6006,384,[110 96 6 0 0 0 0 0 0 0 0 0 8 -9 8 -7 11 -9 10 -8 10 -7 11 -7 11 -5 12 -5 12 -6 11 -6 12 -5 13 -5 13 -4 12 -4 12 -4 14 -5 13 -4 13 -2 13 -3 14 -3 13 -2 12 -3 13 -2 14 -2 15 -1 13 -2 0 0 12 -2 13 -3 13 -3 13 -3 13 -3 12 -4 12 -4 14 -5 13 -4 12 -6 12 -5 12 -5 12 -6 12 -7 14 -6 14 -6 13 -7 13 -6 13 -9 12 -9 12 -8 11 -9 11 -10 12 -10 13 -10 12 -10 0 0 0 0 0 0 0 0 0 0 ]
CSI_DATA,STA,40:91:51:FC:DF:8D,-74,11,1,4,1,1,1,1,0,0,0,-96,6,6,1,12254540,0,110,0,0,12.6445,384,[110 96 6 0 0 0 0 0 0 0 0 0 6 10 6 9 6 10 5 11 5 12 4 10 4 12 2 12 3 12 1 12 2 13 -1 13 0 13 0 13 0 13 1 15 -2 12 0 13 -1 13 0 13 0 13 -2 13 -1 13 -3 12 -2 14 -2 14 0 0 -2 14 -1 14 0 13 0 13 -1 12 -1 13 -1 14 1 13 0 14 1 15 1 14 0 13 1 13 1 14 2 14 2 14 2 15 2 14 4 14 4 15 3 15 2 14 4 16 5 15 4 15 5 14 0 0 0 0 0 0 0 0 0 0 ]
CSI_DATA,STA,40:91:51:FC:DF:8D,-74,11,1,4,1,1,1,1,0,0,0,-96,5,6,1,12255451,0,110,0,0,12.6726,384,[110 96 6 0 0 0 0 0 0 0 0 0 8 9 6 9 6 10 7 10 7 10 4 10 5 12 5 10 5 12 3 13 2 13 3 13 2 13 3 13 2 12 2 14 2 13 1 13 1 12 1 13 0 13 0 13 -1 13 -1 13 -1 13 0 13 0 0 -1 12 1 14 2 14 2 13 0 12 2 13 1 14 0 12 5 15 3 17 2 15 3 14 3 13 3 13 4 16 3 13 4 14 3 14 4 14 5 14 4 15 5 15 4 15 5 15 4 15 6 14 0 0 0 0 0 0 0 0 0 0 ]
CSI_DATA,STA,40:91:51:FC:DF:8D,-74,11,1,4,1,1,1,1,0,0,0,-96,6,6,1,12337540,0,110,0,0,12.7279,384,[110 96 6 0 0 0 0 0 0 0 0 0 -9 7 -10 7 -10 7 -11 7 -11 6 -12 5 -12 5 -13 5 -13 5 -13 4 -12 4 -15 5 -14 3 -14 4 -13 3 -15 3 -14 3 -14 2 -15 1 -14 2 -14 2 -14 0 -14 1 -14 1 -14 1 -14 1 0 0 -14 2 -14 2 -14 2 -15 2 -14 2 -14 3 -14 3 -13 2 -13 2 -14 4 -14 5 -14 4 -14 6 -14 6 -14 5 -15 6 -15 5 -15 6 -14 6 -14 7 -15 7 -13 7 -14 8 -13 8 -14 9 -13 9 0 0 0 0 0 0 0 0 0 0 ]
CSI_DATA,STA,40:91:51:FC:DF:8D,-74,11,1,4,1,1,1,1,0,0,0,-96,2,6,1,12346526,0,110,0,0,12.7605,384,[110 96 6 0 0 0 0 0 0 0 0 0 7 -9 8 -11 9 -10 12 -8 8 -9 9 -9 9 -10 9 -8 12 -8 9 -9 12 -7 10 -7 11 -8 12 -6 13 -8 14 -4 13 -5 10 -5 12 -4 12 -4 12 -3 12 -4 14 -4 12 -3 12 -4 14 -3 0 0 13 -3 12 -4 12 -5 12 -5 11 -4 12 -4 12 -5 11 -5 13 -5 12 -7 11 -8 12 -6 12 -7 11 -6 13 -8 13 -8 13 -8 12 -9 12 -8 13 -10 13 -10 13 -8 12 -10 13 -13 11 -10 11 -11 0 0 0 0 0 0 0 0 0 0 ]
CSI_DATA,STA,40:91:51:FC:DF:8D,-74,11,1,3,1,1,1,1,0,0,0,-96,4,6,1,12380029,0,110,0,0,12.8011,384,[110 96 6 0 0 0 0 0 0 0 0 0 5 10 4 11 4 11 4 11 4 11 1 13 2 11 2 10 2 14 1 12 2 14 1 14 0 12 -2 13 0 11 0 14 -1 14 1 13 0 13 -2 14 -3 12 -2 12 -1 13 -1 12 -2 12 -1 13 0 0 -2 13 0 13 0 12 1 12 -1 12 0 13 1 13 0 13 1 12 1 13 2 13 2 12 3 14 3 13 4 14 4 14 5 15 5 12 5 14 6 13 4 14 6 13 6 14 6 13 6 13 6 14 0 0 0 0 0 0 0 0 0 0 ]
CSI_DATA,STA,40:91:51:FC:DF:8D,-74,11,1,4,1,1,1,1,0,0,0,-96,4,6,1,12456520,0,110,0,0,12.8466,384,[110 96 6 0 0 0 0 0 0 0 0 0 -4 -11 -3 -12 -3 -13 -2 -13 -3 -13 -1 -13 -1 -15 0 -13 -1 -13 -1 -13 0 -14 2 -14 2 -15 3 -13 2 -13 3 -16 2 -14 2 -15 20 -17 2 -13 4 -14 2 -14 4 -14 3 -14 3 -13 2 -13 0 0 3 -14 3 -14 3 -15 3 -14 2 -14 3 -15 2 -15 0 -14 1 -14 0 -16 1 -16 1 -14 1 -15 -1 -14 -1 -17 -2 -16 -2 -16 -3 -16 -2 -16 -3 -16 -3 -16 -4 -15 -3 -17 -5 -17 -3 -14 -5 -16 0 0 0 0 0 0 0 0 0 0 ]
CSI_DATA,STA,40:91:51:FC:DF:8D,-74,11,1,4,1,1,1,1,0,0,0,-96,4,6,1,12460454,0,110,0,0,12.8817,384,[110 96 6 0 0 0 0 0 0 0 0 0 -8 -10 -6 -11 -6 -11 -6 -12 -5 -13 -4 -12 -4 -13 -4 -13 -4 -14 -3 -14 -2 -14 -3 -15 -3 -14 -2 -15 -1 -14 -1 -16 -1 -15 -2 -15 -1 -13 0 -14 0 -15 0 -14 -1 -16 1 -14 -1 -15 -1 -14 0 0 -2 -14 -2 -14 -1 -13 -2 -14 -2 -13 -1 -15 -2 -14 -3 -13 -3 -15 -5 -15 -5 -13 -4 -14 -4 -14 -4 -14 -6 -15 -5 -15 -5 -15 -7 -14 -6 -15 -7 -15 -7 -16 -6 -14 -8 -15 -8 -14 -9 -15 -9 -14 0 0 0 0 0 0 0 0 0 0 ]
CSI_DATA,STA,40:91:51:FC:DF:8D,-74,11,1,4,1,1,1,1,0,0,0,-96,2,6,1,12548111,0,110,0,0,12.9382,384,[110 96 6 0 0 0 0 0 0 0 0 0 5 -10 5 -11 5 -12 5 -12 7 -12 8 -9 9 -11 9 -10 10 -10 9 -10 10 -9 11 -9 11 -9 11 -9 11 -9 12 -8 12 -8 11 -8 11 -7 12 -6 12 -7 11 -6 12 -5 12 -6 13 -6 13 -6 0 0 12 -6 12 -6 12 -7 12 -6 12 -5 12 -6 12 -6 10 -8 12 -6 13 -8 12 -8 11 -7 11 -8 12 -9 12 -9 11 -10 12 -9 12 -9 12 -11 11 -10 11 -10 11 -10 12 -10 12 -11 12 -11 11 -12 0 0 0 0 0 0 0 0 0 0 ]
CSI_DATA,STA,40:91:51:FC:DF:8D,-74,11,1,4,1,1,1,1,0,0,0,-96,4,6,1,12556898,0,110,0,0,12.9718,384,[110 96 6 0 0 0 0 0 0 0 0 0 8 9 7 9 7 9 8 9 6 10 5 11 6 11 5 10 5 13 4 11 5 12 3 11 3 13 3 13 2 13 2 14 2 14 1 13 2 13 1 14 1 13 1 13 1 14 1 12 1 14 1 13 0 0 0 13 1 14 1 13 1 13 1 12 1 12 1 13 2 13 2 13 2 13 4 13 3 13 3 13 4 14 3 14 4 15 5 14 4 13 4 14 7 13 6 14 6 14 6 14 6 14 6 14 7 14 0 0 0 0 0 0 0 0 0 0 ]
CSI_DATA,STA,40:91:51:FC:DF:8D,-74,11,1,3,1,1,1,1,0,0,0,-96,2,6,1,12566126,0,110,0,0,13.0063,384,[110 96 6 0 0 0 0 0 0 0 0 0 1 -14 3 -12 2 -15 3 -15 5 -14 5 -14 5 -13 6 -14 6 -14 7 -14 8 -15 7 -15 7 -14 6 -15 9 -13 10 -14 9 -14 9 -14 7 -12 10 -13 10 -13 9 -12 10 -11 9 -12 11 -11 9 -13 0 0 9 -12 10 -13 7 -13 9 -13 8 -11 9 -13 8 -12 8 -13 8 -13 7 -15 6 -16 6 -14 6 -14 7 -14 7 -14 5 -16 7 -17 7 -17 7 -17 6 -18 6 -18 6 -17 5 -18 4 -18 4 -18 4 -18 0 0 0 0 0 0 0 0 0 0 ]
CSI_DATA,STA,40:91:51:FC:DF:8D,-74,11,1,4,1,1,1,1,0,0,0,-96,5,6,1,12587246,0,110,0,0,13.0471,384,[110 96 6 0 0 0 0 0 0 0 0 0 2 10 1 11 2 12 1 12 -1 11 -2 11 -2 12 -3 12 -1 13 -2 13 -3 13 -3 12 -3 12 -4 13 -4 12 -4 13 -5 13 -4 13 -5 12 -6 12 -5 13 -6 12 -5 12 -5 11 -4 11 -6 12 0 0 -5 12 -5 13 -4 12 -4 13 -4 13 -4 12 -4 13 -4 12 -3 12 -2 14 -2 13 -3 13 -2 13 -2 14 -1 13 -1 15 -1 14 -1 14 0 14 0 15 0 15 1 15 0 15 1 16 1 14 1 16 0 0 0 0 0 0 0 0 0 0 ]
CSI_DATA,STA,40:91:51:FC:DF:8D,-74,11,1,4,1,1,1,1,0,0,0,-96,6,6,1,12714672,0,110,0,0,13.1049,384,[110 96 6 0 0 0 0 0 0 0 0 0 7 10 7 10 6 10 5 10 5 11 4 11 5 12 4 11 5 13 4 13 3 13 2 13 2 13 1 13 2 13 1 14 3 13 1 13 1 13 0 13 0 12 1 12 1 13 -1 13 -1 13 0 13 0 0 1 14 0 14 1 13 1 13 0 14 2 13 3 13 3 14 2 14 2 14 4 14 2 13 3 13 5 14 4 13 5 14 5 14 6 13 6 13 6 14 5 14 6 14 6 14 7 15 7 15 7 14 0 0 0 0 0 0 0 0 0 0 ]
CSI_DATA,STA,40:91:51:FC:DF:8D,-74,11,1,4,1,1,1,1,0,0,0,-96,6,6,1,12717102,0,110,0,0,13.1324,384,[110 96 6 0 0 0 0 0 0 0 0 0 0 -12 1 -11 1 -13 1 -13 2 -13 2 -12 2 -14 4 -13 3 -14 4 -13 5 -13 5 -14 6 -13 6 -12 5 -12 7 -14 6 -13 6 -13 6 -12 7 -14 7 -13 7 -12 8 -11 7 -12 8 -11 8 -12 0 0 7 -12 7 -13 6 -13 7 -13 7 -11 7 -11 7 -12 7 -12 5 -12 5 -13 6 -14 4 -13 5 -14 5 -14 5 -14 4 -14 6 -16 3 -15 4 -15 4 -16 3 -16 3 -16 4 -15 2 -17 3 -16 3 -16 0 0 0 0 0 0 0 0 0 0 ]
CSI_DATA,STA,40:91:51:FC:DF:8D,-74,11,1,3,1,1,1,1,0,0,0,-96,1,6,1,12722940,0,110,0,0,13.1727,384,[110 96 6 0 0 0 0 0 0 0 0 0 9 -9 10 -8 9 -6 11 -7 11 -7 11 -5 12 -4 11 -5 13 -4 12 -4 13 -5 13 -4 13 -4 13 -4 12 -3 15 -2 14 -3 12 -2 13 -2 13 -3 12 -2 14 -2 13 -1 14 -1 14 -2 14 -1 0 0 14 -2 13 -3 13 -2 13 -4 13 -3 12 -4 12 -4 12 -4 13 -4 13 -6 13 -6 12 -6 11 -6 12 -7 12 -7 12 -8 13 -8 13 -9 12 -9 12 -10 13 -10 13 -10 11 -11 11 -11 11 -11 12 -10 0 0 0 0 0 0 0 0 0 0 ]
CSI_DATA,STA,40:91:51:FC:DF:8D,-74,11,1,4,1,1,1,1,0,0,0,-96,6,6,1,12840434,0,110,0,0,13.2308,384,[110 96 6 0 0 0 0 0 0 0 0 0 -11 2 -12 1 -12 0 -13 2 -14 1 -12 -1 -14 -1 -14 -3 -14 -2 -14 -3 -13 -5 -14 -3 -14 -4 -14 -4 -14 -4 -16 -4 -14 -4 -14 -5 -13 -5 -13 -5 -14 -5 -13 -5 -14 -8 -14 -6 -12 -8 -14 -6 0 0 -12 -5 -16 -5 -12 -5 -15 -5 -12 -5 -13 -5 -14 -4 -14 -5 -13 -5 -16 -6 -15 -4 -12 -4 -14 -4 -13 -3 -16 -4 -14 -3 -15 -2 -16 -2 -15 -2 -15 0 -15 -1 -16 0 -16 -2 -16 -1 -16 -2 -16 0 0 0 0 0 0 0 0 0 0 0 ]
CSI_DATA,STA,40:91:51:FC:DF:8D,-72,11,1,2,1,1,1,1,0,0,0,-96,1,6,1,12854661,0,110,0,0,13.2665,384,[110 96 6 0 0 0 0 0 0 0 0 0 10 3 11 5 11 5 11 6 10 7 9 8 9 9 8 8 9 8 9 8 10 10 9 10 9 9 8 10 7 9 9 12 7 12 7 11 7 11 6 12 7 11 7 12 6 10 6 13 7 12 8 12 0 0 7 12 8 12 7 12 8 11 7 11 8 12 7 11 7 11 8 10 9 11 10 12 7 10 10 10 10 11 10 11 11 11 11 11 11 10 12 10 12 8 11 9 11 9 12 9 13 9 12 10 13 9 0 0 0 0 0 0 0 0 0 0 ]
CSI_DATA,STA,40:91:51:FC:DF:8D,-73,11,1,2,1,1,1,1,0,0,0,-96,6,6,1,12923664,0,110,0,0,13.314,384,[110 96 6 0 0 0 0 0 0 0 0 0 -12 -4 -12 -5 -13 -5 -13 -7 -11 -6 -11 -7 -11 -7 -10 -8 -10 -9 -10 -8 -12 -9 -12 -10 -10 -10 -10 -11 -10 -11 -10 -12 -9 -12 -9 -10 -8 -12 -10 -11 -8 -11 -8 -12 -8 -11 -8 -12 -9 -13 -10 -12 0 0 -8 -11 -9 -11 -9 -12 -10 -11 -8 -12 -9 -11 -10 -13 -9 -11 -11 -11 -11 -10 -11 -11 -10 -10 -11 -11 -12 -10 -12 -10 -13 -11 -12 -11 -13 -10 -13 -10 -14 -9 -13 -10 -14 -10 -13 -9 -14 -9 -14 -9 -14 -8 0 0 0 0 0 0 0 0 0 0 ]
CSI_DATA,STA,40:91:51:FC:DF:8D,-74,11,1,4,1,1,1,1,0,0,0,-96,5,6,1,12968425,0,110,0,0,13.3583,384,[110 96 6 0 0 0 0 0 0 0 0 0 9 5 10 5 10 6 8 6 10 6 9 7 9 9 8 8 8 9 7 11 7 10 8 11 6 12 7 11 5 11 6 12 6 12 6 11 5 11 5 11 5 12 4 12 4 13 3 12 4 12 4 12 0 0 4 12 4 13 5 11 5 12 4 11 4 12 5 12 5 12 5 11 6 13 6 12 5 12 7 11 5 13 8 13 7 11 7 12 7 12 7 12 8 12 8 12 8 11 9 12 10 11 10 13 9 10 0 0 0 0 0 0 0 0 0 0 ]
CSI_DATA,STA,40:91:51:FC:DF:8D,-74,11,1,4,1,1,1,1,0,0,0,-96,6,6,1,12974226,0,110,0,0,13.3883,384,[110 96 6 0 0 0 0 0 0 0 0 0 12 -4 13 -3 12 -3 13 -3 13 -3 13 -2 15 0 13 0 14 -1 14 3 15 2 16 2 14 4 14 1 13 3 15 4 13 4 15 4 12 2 15 4 13 4 13 4 14 6 14 5 12 6 14 5 0 0 14 5 14 4 12 3 17 3 12 4 15 4 15 4 14 3 16 2 17 3 15 1 13 1 17 2 13 2 17 0 13 -1 17 -1 15 0 16 -1 17 -3 15 -1 16 -2 18 -2 18 -5 18 -3 16 -3 0 0 0 0 0 0 0 0 0 0 ]
CSI_DATA,STA,40:91:51:FC:DF:8D,-74,11,1,4,1,1,1,1,0,0,0,-96,1,6,1,12976704,0,110,0,0,13.4249,384,[110 96 6 0 0 0 0 0 0 0 0 0 -9 -9 -8 -10 -8 -10 -7 -10 -6 -11 -7 -12 -7 -13 -7 -12 -4 -13 -5 -13 -5 -13 -5 -13 -4 -14 -4 -13 -4 -14 -4 -15 -3 -14 -4 -13 -3 -15 -3 -15 -3 -14 -3 -14 -2 -14 -2 -14 -2 -15 -2 -14 0 0 -1 -14 -3 -14 -3 -14 -3 -14 -3 -13 -3 -14 -4 -15 -4 -13 -3 -14 -4 -15 -4 -14 -4 -14 -5 -14 -6 -14 -5 -14 -6 -14 -7 -15 -7 -15 -7 -15 -8 -14 -6 -14 -8 -15 -7 -14 -8 -15 -8 -14 -9 -14 0 0 0 0 0 0 0 0 0 0 ]
CSI_DATA,STA,40:91:51:FC:DF:8D,-74,11,1,3,1,1,1,1,0,0,0,-96,2,6,1,13091406,0,110,0,0,13.4815,384,[110 96 6 0 0 0 0 0 0 0 0 0 -8 -7 -8 -8 -8 -8 -8 -8 -7 -10 -7 -9 -7 -11 -5 -10 -6 -11 -5 -11 -6 -11 -7 -12 -5 -12 -4 -12 -4 -11 -4 -13 -4 -12 -3 -13 -3 -10 -3 -12 -2 -13 -2 -12 -2 -12 -2 -12 -3 -12 -3 -12 0 0 -3 -12 -3 -13 -2 -12 -4 -12 -3 -12 -3 -12 -3 -12 -5 -12 -4 -12 -5 -12 -7 -10 -5 -11 -6 -13 -5 -10 -7 -14 -6 -12 -6 -13 -6 -13 -7 -13 -8 -12 -8 -11 -8 -12 -8 -11 -9 -13 -9 -12 -9 -11 0 0 0 0 0 0 0 0 0 0 ]
CSI_DATA,STA,40:91:51:FC:DF:8D,-73,11,1,2,1,1,1,1,0,0,0,-96,1,6,1,13100740,0,110,0,0,13.5175,384,[110 96 6 0 0 0 0 0 0 0 0 0 -14 17 4 -6 -9 8 -10 2 -13 1 -7 9 -5 2 -9 5 -7 5 -7 4 -8 4 -9 5 -9 5 -9 3 -9 3 -11 5 -9 3 -10 3 -10 2 -8 2 -9 3 -10 2 -10 2 -10 1 -10 1 -10 1 0 0 -10 1 -10 2 -10 1 -11 3 -9 2 -11 1 -9 2 -10 2 -9 3 -11 4 -10 4 -10 2 -11 2 -10 3 -12 3 -11 3 -12 3 -11 3 -10 3 -10 5 -12 3 -10 4 -12 4 -10 5 -12 5 -12 4 0 0 0 0 0 0 0 0 0 0 ]
CSI_DATA,STA,40:91:51:FC:DF:8D,-74,11,1,3,1,1,1,1,0,0,0,-96,3,6,1,13102525,0,110,0,0,13.556,384,[110 96 6 0 0 0 0 0 0 0 0 0 4 -18 -9 3 5 -6 10 -1 1 -3 -3 -8 5 -6 2 -6 3 -8 4 -7 6 -7 5 -7 5 -8 6 -7 5 -6 6 -7 6 -6 7 -5 6 -5 6 -5 7 -5 7 -4 7 -4 7 -5 7 -4 8 -4 0 0 7 -3 8 -4 8 -3 8 -4 8 -3 8 -2 8 -3 9 -3 7 -4 8 -4 8 -3 7 -3 8 -3 7 -3 9 -4 8 -4 10 -3 8 -3 9 -3 9 -3 9 -2 8 -4 10 -3 10 -3 9 -4 9 -3 0 0 0 0 0 0 0 0 0 0 ]
CSI_DATA,STA,40:91:51:FC:DF:8D,-73,11,1,2,1,1,1,1,0,0,0,-96,2,6,1,13117803,0,110,0,0,13.5923,384,[110 96 6 0 0 0 0 0 0 0 0 0 -6 -11 -7 -11 -6 -11 -1 -13 -5 -14 0 -12 -1 -11 -2 -14 -2 -13 -1 -13 -1 -13 1 -15 -1 -16 2 -15 4 -14 2 -15 1 -15 1 -13 2 -13 2 -14 2 -15 2 -14 2 -13 3 -14 3 -15 2 -14 0 0 2 -14 3 -14 2 -14 2 -14 3 -13 3 -14 1 -13 1 -13 2 -14 2 -15 1 -15 0 -15 0 -15 0 -15 -1 -15 0 -16 -1 -17 -2 -15 -2 -16 -2 -15 -2 -17 -1 -16 -3 -17 -3 -16 -3 -16 -3 -17 0 0 0 0 0 0 0 0 0 0 ]
CSI_DATA,STA,40:91:51:FC:DF:8D,-75,11,1,3,1,1,1,1,0,0,0,-96,4,6,1,13254635,0,110,0,0,13.6448,384,[110 96 6 0 0 0 0 0 0 0 0 0 7 -9 9 -9 8 -10 8 -6 10 -9 11 -4 10 -5 12 -6 11 -5 12 -6 11 -6 12 -5 10 -4 12 -6 13 -5 13 -3 13 -2 12 -3 12 0 13 0 12 -1 13 -1 13 -1 13 -2 14 -2 12 -2 0 0 14 0 11 0 14 0 12 0 11 1 12 1 13 1 9 0 18 0 18 -5 11 -3 12 -4 12 -3 14 -3 14 -2 15 -3 13 -1 13 -2 13 -3 13 -2 14 -1 14 -1 15 -4 14 -6 14 -6 14 -5 0 0 0 0 0 0 0 0 0 0 ]
CSI_DATA,STA,40:91:51:FC:DF:8D,-75,11,1,3,1,1,1,1,0,0,0,-96,2,6,1,13256219,0,110,0,0,13.6758,384,[110 96 6 0 0 0 0 0 0 0 0 0 -10 -8 -8 -9 -9 -10 -8 -7 -9 -11 -8 -10 -6 -10 -6 -12 -6 -13 -7 -12 -5 -14 -7 -14 -1 -13 -6 -15 -4 -12 -5 -13 -4 -13 -5 -13 -3 -13 -3 -14 -2 -14 -2 -13 -3 -13 -3 -13 -2 -14 -3 -12 0 0 -4 -13 -5 -14 -4 -14 -5 -13 -4 -13 -3 -12 -4 -12 -5 -14 -1 -14 -11 -18 -5 -14 -6 -13 -7 -13 -9 -13 -8 -14 -10 -14 -8 -14 -9 -12 -8 -13 -9 -11 -9 -14 -9 -13 -10 -13 -11 -12 -11 -11 -10 -12 0 0 0 0 0 0 0 0 0 0 ]
CSI_DATA,STA,40:91:51:FC:DF:8D,-74,11,1,3,1,1,1,1,0,0,0,-96,6,6,1,13339703,0,110,0,0,13.7299,384,[110 96 6 0 0 0 0 0 0 0 0 0 2 14 0 13 0 12 0 12 -1 15 -2 12 -2 12 -3 14 -3 13 -3 14 -4 13 -5 15 -4 14 -6 13 -5 13 -5 14 -7 13 -7 14 -6 13 -8 13 -7 13 -6 13 -7 12 -10 13 -7 13 -9 13 0 0 -8 13 -6 13 -7 13 -7 13 -7 13 -6 12 -6 13 -6 14 -5 13 -4 13 -5 13 -5 14 -3 14 -5 16 -4 15 -2 16 -4 16 -2 17 -4 16 -3 16 -5 17 -1 16 -2 17 -1 18 -1 16 0 17 0 0 0 0 0 0 0 0 0 0 ]
CSI_DATA,STA,40:91:51:FC:DF:8D,-73,11,1,2,1,1,1,1,0,0,0,-96,6,6,1,13348330,0,110,0,0,13.7636,384,[110 96 6 0 0 0 0 0 0 0 0 0 -11 7 -10 5 -11 6 -12 6 -11 4 -12 4 -12 2 -12 2 -13 2 -13 3 -13 2 -15 4 -14 2 -15 0 -13 0 -15 1 -15 0 -13 1 -14 -1 -13 0 -14 -1 -14 -1 -14 -2 -14 -1 -14 0 -15 -1 0 0 -15 -2 -15 0 -14 1 -13 1 -13 -1 -14 0 -13 -1 -13 1 -15 1 -14 2 -16 2 -13 1 -14 3 -14 3 -14 2 -16 4 -15 4 -14 4 -14 3 -13 4 -15 4 -14 4 -13 5 -14 7 -14 6 -14 7 0 0 0 0 0 0 0 0 0 0 ]
CSI_DATA,STA,40:91:51:FC:DF:8D,-74,11,1,3,1,1,1,1,0,0,0,-96,6,6,1,13349017,0,110,0,0,13.8041,384,[110 96 6 0 0 0 0 0 0 0 0 0 -11 3 -11 3 -11 3 -12 2 -13 2 -13 1 -13 -1 -13 -1 -12 -1 -12 -2 -15 -2 -13 -3 -14 -4 -14 -3 -13 -2 -14 -3 -13 -5 -12 -5 -12 -3 -14 -4 -14 -5 -13 -4 -14 -5 -12 -5 -13 -5 -14 -5 0 0 -12 -5 -12 -3 -14 -4 -13 -3 -13 -3 -13 -3 -13 -2 -13 -2 -12 -3 -15 -2 -15 -1 -13 -2 -15 -2 -13 0 -14 1 -16 0 -15 0 -15 1 -16 2 -15 2 -14 2 -14 1 -15 2 -14 2 -16 3 -15 3 0 0 0 0 0 0 0 0 0 0 ]
CSI_DATA,STA,40:91:51:FC:DF:8D,-74,11,1,3,1,1,1,1,0,0,0,-96,1,6,1,13349670,0,110,0,0,13.8472,384,[110 96 6 0 0 0 0 0 0 0 0 0 7 8 7 8 7 9 7 9 7 10 5 10 5 10 4 12 5 11 5 12 4 13 4 13 3 13 4 12 3 12 2 12 2 13 1 12 2 12 1 12 1 13 1 12 2 12 3 13 1 13 1 12 0 0 2 13 1 13 2 11 2 12 2 11 1 12 3 12 3 12 4 11 3 12 4 13 3 12 4 12 5 12 4 12 6 12 5 12 5 11 7 12 6 11 7 12 7 12 7 11 9 12 8 12 9 10 0 0 0 0 0 0 0 0 0 0 ]
CSI_DATA,STA,40:91:51:FC:DF:8D,-74,11,1,3,1,1,1,1,0,0,0,-96,3,6,1,13502008,0,110,0,0,13.8923,384,[110 96 6 0 0 0 0 0 0 0 0 0 9 -7 10 -5 11 -6 9 -6 12 -5 12 -3 13 -3 13 -3 13 -1 13 -2 13 -2 14 -3 14 -2 15 -1 14 -1 14 0 15 -1 15 1 13 1 14 1 13 1 14 0 14 3 14 1 13 2 14 1 0 0 13 1 14 1 13 1 14 -1 13 0 14 1 13 1 13 0 13 0 14 0 14 -2 13 -2 12 -2 13 -2 14 -2 14 -3 14 -2 14 -3 15 -4 13 -4 15 -4 15 -4 14 -4 13 -6 16 -5 14 -7 0 0 0 0 0 0 0 0 0 0 ]
CSI_DATA,STA,40:91:51:FC:DF:8D,-73,11,1,2,1,1,1,1,0,0,0,-96,1,6,1,13506579,0,110,0,0,13.9239,384,[110 96 6 0 0 0 0 0 0 0 0 0 -4 -11 -3 -11 -3 -13 -3 -13 -2 -12 -2 -12 0 -13 -2 -13 -1 -13 -1 -13 1 -14 0 -14 1 -12 1 -14 2 -13 2 -14 2 -13 2 -13 2 -13 2 -13 2 -13 3 -13 3 -12 4 -12 4 -14 2 -13 0 0 2 -13 2 -14 1 -13 1 -14 1 -12 1 -15 2 -14 1 -14 1 -13 0 -13 1 -16 1 -13 0 -14 -1 -14 0 -14 -1 -15 -1 -15 -1 -14 -2 -15 -4 -13 -2 -15 -2 -14 -3 -14 -3 -15 -3 -14 -4 -14 0 0 0 0 0 0 0 0 0 0 ]
CSI_DATA,STA,40:91:51:FC:DF:8D,-74,11,1,3,1,1,1,1,0,0,0,-96,2,6,1,13592838,0,110,0,0,13.9832,384,[110 96 6 0 0 0 0 0 0 0 0 0 -8 9 -6 8 -10 10 -9 8 -10 9 -9 7 -11 7 -11 8 -11 8 -11 7 -13 6 -13 5 -13 6 -12 6 -13 6 -14 6 -13 5 -13 5 -12 4 -13 4 -12 4 -13 4 -13 3 -13 4 -14 3 -13 5 0 0 -13 4 -13 5 -13 5 -13 5 -11 5 -12 5 -12 6 -12 5 -12 6 -13 5 -13 7 -13 7 -11 7 -12 8 -12 8 -12 8 -12 9 -11 9 -12 9 -12 9 -12 8 -11 10 -11 10 -10 11 -13 10 -11 10 0 0 0 0 0 0 0 0 0 0 ]
CSI_DATA,STA,40:91:51:FC:DF:8D,-75,11,1,3,1,1,1,1,0,0,0,-96,6,6,1,13595160,0,110,0,0,14.0161,384,[110 96 6 0 0 0 0 0 0 0 0 0 -3 -12 -4 -11 -3 -12 -4 -12 -4 -13 -2 -12 0 -14 -2 -12 -2 -13 1 -15 1 -14 1 -15 2 -13 3 -14 2 -12 3 -16 3 -13 3 -14 2 -13 3 -13 3 -13 3 -14 5 -13 5 -13 5 -13 4 -13 0 0 3 -13 3 -16 3 -13 3 -15 3 -12 2 -15 5 -13 1 -12 4 -14 4 -15 1 -14 0 -13 1 -15 0 -14 1 -16 0 -16 -1 -16 -1 -14 -2 -14 -2 -15 -1 -16 -2 -15 -3 -15 -3 -15 -2 -15 -3 -15 0 0 0 0 0 0 0 0 0 0 ]
CSI_DATA,STA,40:91:51:FC:DF:8D,-74,11,1,3,1,1,1,1,0,0,0,-96,4,6,1,13677148,0,110,0,0,14.0674,384,[110 96 6 0 0 0 0 0 0 0 0 0 -5 10 -6 11 -7 11 -7 11 -7 10 -9 8 -10 8 -10 8 -10 8 -10 7 -12 8 -11 8 -11 7 -11 7 -12 7 -14 7 -12 7 -13 6 -12 5 -13 7 -13 5 -13 5 -13 5 -12 5 -13 4 -12 5 0 0 -12 7 -14 6 -12 6 -13 6 -12 6 -12 7 -13 7 -11 7 -13 6 -12 9 -13 9 -11 8 -10 10 -10 9 -12 10 -11 10 -11 10 -10 9 -11 11 -11 11 -12 11 -10 10 -10 12 -9 13 -10 12 -10 13 0 0 0 0 0 0 0 0 0 0 ]
CSI_DATA,STA,40:91:51:FC:DF:8D,-74,11,1,3,1,1,1,1,0,0,0,-96,2,6,1,13677570,0,110,0,0,14.1003,384,[110 96 6 0 0 0 0 0 0 0 0 0 9 -6 8 -5 10 -5 11 -6 10 -5 11 -4 10 -5 10 -4 12 -2 10 -2 12 -3 13 -4 12 -3 12 -3 12 -2 13 0 13 0 11 1 12 0 12 -2 12 0 12 0 11 0 12 0 13 0 13 -1 0 0 12 -1 11 -1 12 -1 12 -1 12 0 12 -1 11 -2 12 -3 17 0 13 1 10 -4 11 -4 12 -5 13 -4 12 -3 13 -3 11 -4 13 -5 12 -5 13 -6 13 -5 12 -6 12 -6 11 -8 11 -7 11 -8 0 0 0 0 0 0 0 0 0 0 ]
CSI_DATA,STA,40:91:51:FC:DF:8D,-74,11,1,3,1,1,1,1,0,0,0,-96,4,6,1,13753454,0,110,0,0,14.1437,384,[110 96 6 0 0 0 0 0 0 0 0 0 -2 11 -2 10 -3 11 -4 12 -5 11 -5 10 -5 12 -6 11 -6 11 -8 11 -7 11 -7 12 -8 11 -9 11 -9 9 -10 10 -8 10 -8 10 -9 9 -9 10 -10 8 -9 10 -9 9 -10 10 -9 10 -10 9 0 0 -9 9 -9 10 -10 10 -9 10 -8 9 -9 10 -8 10 -8 11 -8 11 -8 12 -8 11 -8 12 -7 13 -6 11 -7 12 -6 13 -6 13 -7 13 -6 13 -5 13 -5 14 -5 14 -5 15 -5 14 -4 14 -4 14 0 0 0 0 0 0 0 0 0 0 ]
CSI_DATA,STA,40:91:51:FC:DF:8D,-75,11,1,3,1,1,1,1,0,0,0,-96,2,6,1,13754282,0,110,0,0,14.1795,384,[110 96 6 0 0 0 0 0 0 0 0 0 11 2 11 2 12 5 12 4 12 3 11 5 11 4 11 5 11 7 11 7 10 6 11 7 10 8 10 8 8 7 9 9 11 8 10 8 9 9 10 10 9 10 10 10 9 9 8 9 9 11 7 9 0 0 8 9 10 7 11 9 10 8 9 8 8 9 10 8 10 8 7 6 9 5 12 7 11 7 12 7 13 7 13 7 11 6 12 7 12 6 14 6 13 5 14 6 12 5 13 5 13 4 13 4 15 3 0 0 0 0 0 0 0 0 0 0 ]
CSI_DATA,STA,40:91:51:FC:DF:8D,-73,11,1,2,1,1,1,1,0,0,0,-96,2,6,1,13828739,0,110,0,0,14.2187,384,[110 96 6 0 0 0 0 0 0 0 0 0 -1 -11 0 -11 0 -11 0 -12 1 -12 2 -11 3 -12 2 -11 3 -12 4 -12 5 -13 5 -11 4 -13 5 -11 6 -12 7 -13 6 -10 6 -11 6 -10 6 -12 6 -10 6 -11 6 -11 7 -11 7 -10 6 -12 0 0 8 -11 8 -12 6 -11 6 -10 5 -10 7 -11 6 -11 6 -11 8 -11 6 -12 6 -13 5 -10 5 -12 5 -13 5 -13 5 -13 5 -14 4 -12 4 -13 3 -14 4 -14 4 -12 4 -14 2 -15 3 -14 2 -15 0 0 0 0 0 0 0 0 0 0 ]
CSI_DATA,STA,40:91:51:FC:DF:8D,-73,11,1,2,1,1,1,1,0,0,0,-96,6,6,1,13882459,0,110,0,0,14.2727,384,[110 96 6 0 0 0 0 0 0 0 0 0 -3 -11 -3 -12 -4 -12 -2 -14 -2 -13 -1 -14 0 -13 0 -13 1 -14 2 -13 2 -15 1 -15 3 -14 2 -14 3 -14 3 -15 3 -14 4 -13 3 -13 4 -14 5 -13 4 -13 5 -12 5 -13 5 -13 5 -15 0 0 4 -14 4 -15 3 -14 3 -15 3 -13 3 -15 3 -14 3 -14 2 -14 2 -15 1 -15 2 -14 1 -16 2 -15 1 -16 1 -16 1 -16 0 -16 0 -16 -2 -15 0 -15 -2 -16 -2 -16 -2 -17 -2 -15 -2 -15 0 0 0 0 0 0 0 0 0 0 ]
CSI_DATA,STA,40:91:51:FC:DF:8D,-75,11,1,3,1,1,1,1,0,0,0,-96,6,6,1,13884106,0,110,0,0,14.3056,384,[110 96 6 0 0 0 0 0 0 0 0 0 -7 10 -8 8 -9 8 -9 7 -8 9 -10 7 -11 7 -10 7 -10 7 -11 6 -12 7 -13 6 -13 5 -12 6 -13 5 -16 4 -13 4 -15 4 -11 3 -12 3 -13 4 -13 3 -13 3 -13 3 -15 2 -14 3 0 0 -14 3 -14 4 -12 2 -15 4 -13 3 -13 4 -12 3 -12 6 -18 0 -17 0 -12 8 -11 7 -11 7 -12 6 -13 6 -13 7 -15 7 -14 8 -13 8 -14 7 -13 8 -13 7 -13 8 -13 9 -13 9 -12 9 0 0 0 0 0 0 0 0 0 0 ]
CSI_DATA,STA,40:91:51:FC:DF:8D,-74,11,1,3,1,1,1,1,0,0,0,-96,6,6,1,13885165,0,110,0,0,14.3455,384,[110 96 6 0 0 0 0 0 0 0 0 0 -7 -10 -6 -11 -6 -10 -6 -11 -5 -11 -5 -11 -5 -12 -4 -12 -5 -12 -4 -13 -5 -14 -4 -15 -4 -14 -3 -15 -1 -14 -2 -15 -3 -14 -1 -14 -1 -14 -2 -14 -2 -14 -1 -14 -1 -14 0 -14 -1 -15 -1 -15 0 0 -2 -14 -2 -15 -1 -14 -3 -14 -1 -14 -2 -15 -1 -13 -2 -14 -3 -14 -4 -15 -4 -14 -4 -13 -5 -15 -4 -14 -5 -15 -5 -14 -6 -15 -5 -15 -7 -15 -7 -13 -7 -15 -7 -13 -7 -14 -9 -14 -9 -13 -9 -13 0 0 0 0 0 0 0 0 0 0 ]
CSI_DATA,STA,40:91:51:FC:DF:8D,-74,11,1,3,1,1,1,1,0,0,0,-96,1,6,1,13886527,0,110,0,0,14.3903,384,[110 96 6 0 0 0 0 0 0 0 0 0 10 -3 11 -3 10 -3 11 -2 11 -2 12 -1 12 0 12 0 13 1 12 1 12 0 13 1 14 1 13 1 12 1 14 3 13 3 12 4 13 3 13 2 13 2 13 4 13 3 13 4 13 2 13 3 0 0 13 3 12 2 14 2 13 2 12 1 13 2 13 2 12 1 13 0 12 1 14 0 12 1 12 -1 13 0 14 0 14 -1 14 -1 15 -2 14 -2 15 -2 15 -2 13 -3 13 -3 14 -4 15 -4 15 -2 0 0 0 0 0 0 0 0 0 0 ]
CSI_DATA,STA,40:91:51:FC:DF:8D,-73,11,1,2,1,1,1,1,0,0,0,-96,6,6,1,14059027,0,110,0,0,14.4495,384,[110 96 6 0 0 0 0 0 0 0 0 0 -6 10 -5 10 -7 11 -7 11 -8 10 -8 9 -8 9 -9 9 -9 9 -10 8 -10 9 -12 9 -11 9 -10 9 -12 8 -13 8 -12 8 -12 7 -12 7 -12 8 -12 7 -11 6 -12 7 -13 6 -13 7 -13 7 0 0 -12 6 -13 8 -12 8 -12 8 -11 7 -11 7 -12 8 -12 8 -12 8 -11 9 -12 10 -11 8 -11 9 -10 10 -11 9 -11 12 -11 11 -11 13 -10 12 -9 12 -10 12 -10 12 -10 12 -10 14 -9 14 -10 13 0 0 0 0 0 0 0 0 0 0 ]
CSI_DATA,STA,40:91:51:FC:DF:8D,-74,11,1,3,1,1,1,1,0,0,0,-96,6,6,1,14059681,0,110,0,0,14.482,384,[110 96 6 0 0 0 0 0 0 0 0 0 5 -10 4 -10 6 -11 6 -9 7 -10 7 -10 9 -10 8 -10 10 -9 10 -8 10 -8 12 -8 10 -9 11 -8 10 -7 12 -9 11 -7 10 -8 11 -6 10 -6 11 -6 11 -7 12 -6 12 -6 13 -7 12 -6 0 0 12 -8 12 -8 11 -7 11 -10 10 -7 11 -9 11 -6 10 -10 14 -9 13 -7 8 -8 12 -9 11 -9 10 -10 11 -11 12 -10 12 -12 9 -11 10 -12 9 -12 11 -11 9 -11 10 -12 9 -12 11 -11 9 -14 0 0 0 0 0 0 0 0 0 0 ]
CSI_DATA,STA,40:91:51:FC:DF:8D,-74,11,1,3,1,1,1,1,0,0,0,-96,5,6,1,14060282,0,110,0,0,14.5228,384,[110 96 6 0 0 0 0 0 0 0 0 0 -12 1 -11 0 -12 0 -12 0 -13 0 -12 -1 -12 -1 -12 -1 -14 -3 -12 -5 -13 -5 -13 -4 -14 -5 -12 -5 -11 -5 -14 -6 -13 -5 -12 -4 -11 -5 -13 -5 -13 -5 -10 -6 -14 -7 -12 -6 -12 -7 -12 -6 0 0 -12 -5 -14 -7 -12 -6 -14 -5 -12 -5 -14 -4 -13 -5 -12 -2 -17 -4 -19 -5 -15 -3 -15 -3 -14 -3 -14 -1 -16 -1 -15 0 -15 -3 -15 -1 -15 -1 -16 0 -16 0 -16 3 -17 1 -16 0 -15 1 -16 0 0 0 0 0 0 0 0 0 0 0 ]
CSI_DATA,STA,40:91:51:FC:DF:8D,-73,11,1,1,1,1,1,1,0,0,0,-96,3,6,1,14069440,0,110,0,0,14.5665,384,[110 96 6 0 0 0 0 0 0 0 0 0 -6 8 -7 8 -8 10 -8 9 -9 8 -8 8 -10 7 -10 7 -11 9 -10 7 -12 7 -11 8 -13 7 -13 6 -12 5 -14 6 -14 6 -12 4 -13 6 -13 5 -13 4 -14 5 -13 4 -13 4 -13 4 -13 4 0 0 -12 4 -13 6 -14 6 -13 6 -12 5 -13 6 -13 5 -12 5 -13 6 -13 7 -13 8 -12 7 -11 8 -13 8 -13 8 -14 10 -13 9 -11 9 -12 9 -12 10 -13 10 -13 10 -11 10 -12 11 -12 12 -12 11 0 0 0 0 0 0 0 0 0 0 ]
CSI_DATA,STA,40:91:51:FC:DF:8D,-73,11,1,2,1,1,1,1,0,0,0,-96,6,6,1,14238738,0,110,0,0,14.6291,384,[110 96 6 0 0 0 0 0 0 0 0 0 -2 10 -1 9 -2 11 -3 10 -3 11 -4 11 -5 11 -5 10 -6 10 -5 10 -6 10 -6 12 -7 12 -6 10 -6 10 -8 12 -6 9 -7 11 -8 9 -8 10 -6 10 -6 10 -8 9 -7 10 -10 9 -8 9 0 0 -7 12 -7 9 -7 11 -7 12 -7 12 -7 12 -7 10 -6 10 -5 11 -4 10 -6 12 -5 12 -4 13 -3 12 -5 13 -4 13 -4 14 -2 13 -2 13 -2 13 -2 14 -1 14 -1 14 0 15 -1 13 0 14 0 0 0 0 0 0 0 0 0 0 ]
CSI_DATA,STA,40:91:51:FC:DF:8D,-74,11,1,3,1,1,1,1,0,0,0,-96,6,6,1,14241409,0,110,0,0,14.6603,384,[110 96 6 0 0 0 0 0 0 0 0 0 11 2 10 4 10 3 10 4 9 6 10 6 9 8 10 8 9 8 9 7 9 9 10 9 9 10 9 9 9 9 9 11 8 10 7 11 8 10 7 10 7 10 8 11 7 11 7 10 6 10 7 11 0 0 7 10 7 10 7 11 9 9 6 10 9 10 8 10 8 9 8 9 8 9 9 10 9 9 8 9 10 9 10 9 11 9 11 8 12 8 11 10 12 8 12 7 13 7 12 8 13 7 12 6 14 6 0 0 0 0 0 0 0 0 0 0 ]
CSI_DATA,STA,40:91:51:FC:DF:8D,-74,11,1,3,1,1,1,1,0,0,0,-96,6,6,1,14247447,0,110,0,0,14.695,384,[110 96 6 0 0 0 0 0 0 0 0 0 1 -12 1 -12 1 -13 2 -13 3 -12 4 -13 4 -12 5 -13 5 -12 6 -11 6 -13 7 -12 7 -12 8 -11 5 -10 8 -13 8 -11 9 -12 7 -11 8 -10 7 -11 8 -11 9 -9 9 -9 8 -11 9 -10 0 0 9 -10 8 -11 8 -11 8 -12 7 -11 7 -12 7 -12 6 -10 6 -12 6 -14 6 -13 7 -12 5 -11 6 -12 5 -15 4 -14 6 -16 5 -14 5 -15 4 -14 4 -15 4 -14 4 -16 5 -15 4 -14 3 -16 0 0 0 0 0 0 0 0 0 0 ]
CSI_DATA,STA,40:91:51:FC:DF:8D,-73,11,1,1,1,1,1,1,0,0,0,-96,6,6,1,14361591,0,110,0,0,14.7521,384,[110 96 6 0 0 0 0 0 0 0 0 0 -13 7 -13 6 -13 6 -14 5 -13 4 -14 3 -15 3 -14 2 -15 2 -14 2 -16 2 -16 3 -16 1 -16 1 -16 1 -19 0 -16 -2 -16 -1 -14 -1 -16 -1 -15 -3 -16 -2 -16 -2 -15 -3 -17 -2 -16 -2 0 0 -16 -1 -17 -1 -16 0 -16 0 -16 -1 -16 -1 -17 -1 -15 -1 -17 0 -16 2 -18 2 -15 2 -15 2 -17 3 -17 3 -17 2 -18 3 -17 5 -18 4 -18 3 -18 4 -17 3 -17 5 -18 5 -16 6 -16 6 0 0 0 0 0 0 0 0 0 0 ]
CSI_DATA,STA,40:91:51:FC:DF:8D,-74,11,1,3,1,1,1,1,0,0,0,-96,6,6,1,14415713,0,110,0,0,14.8059,384,[110 96 6 0 0 0 0 0 0 0 0 0 -7 10 -7 8 -7 9 -8 9 -9 10 -10 8 -10 7 -12 7 -11 7 -12 7 -12 7 -12 9 -11 6 -12 6 -11 5 -12 7 -12 6 -11 6 -13 6 -12 5 -13 4 -12 5 -13 5 -13 5 -13 6 -13 5 0 0 -12 5 -12 6 -12 6 -12 7 -12 5 -12 6 -12 6 -12 6 -10 6 -12 8 -11 8 -11 8 -11 10 -10 9 -12 10 -11 9 -11 10 -10 10 -10 11 -11 11 -10 11 -9 12 -9 12 -9 13 -10 14 -10 12 0 0 0 0 0 0 0 0 0 0 ]
CSI_DATA,STA,40:91:51:FC:DF:8D,-74,11,1,3,1,1,1,1,0,0,0,-96,5,6,1,14421500,0,110,0,0,14.8388,384,[110 96 6 0 0 0 0 0 0 0 0 0 11 -3 12 -2 12 -1 13 -1 11 -1 13 -2 13 0 11 1 13 1 12 0 13 2 14 2 12 2 13 3 12 2 13 4 13 4 12 4 12 4 12 3 12 4 11 4 11 4 13 5 13 5 12 5 0 0 12 5 13 4 12 4 12 4 11 4 11 4 12 3 12 2 12 3 12 2 14 2 13 2 13 2 13 2 14 1 14 0 14 1 15 0 15 -1 14 -1 14 -2 14 0 14 -1 15 -1 15 -1 16 -2 0 0 0 0 0 0 0 0 0 0 ]
CSI_DATA,STA,40:91:51:FC:DF:8D,-74,11,1,3,1,1,1,1,0,0,0,-96,3,6,1,14494921,0,110,0,0,14.8851,384,[110 96 6 0 0 0 0 0 0 0 0 0 -11 0 -13 0 -12 0 -12 -2 -13 -1 -13 -2 -12 -3 -13 -2 -12 -4 -13 -4 -13 -5 -13 -5 -13 -6 -12 -6 -13 -6 -14 -7 -13 -6 -11 -6 -11 -6 -12 -7 -13 -6 -11 -7 -11 -6 -12 -7 -12 -8 -12 -8 0 0 -13 -7 -12 -6 -13 -7 -13 -6 -11 -7 -13 -6 -13 -7 -13 -5 -14 -5 -14 -5 -14 -5 -13 -5 -13 -5 -13 -4 -16 -4 -14 -4 -15 -4 -15 -2 -15 -1 -16 -2 -15 -3 -16 -2 -16 -2 -16 -2 -16 -2 -16 -1 0 0 0 0 0 0 0 0 0 0 ]
CSI_DATA,STA,40:91:51:FC:DF:8D,-74,11,1,3,1,1,1,1,0,0,0,-96,3,6,1,14495280,0,110,0,0,14.9218,384,[110 96 6 0 0 0 0 0 0 0 0 0 11 -5 10 -4 12 -4 12 -4 11 -5 10 -4 12 -5 12 -2 11 -1 13 -2 14 0 15 -1 13 1 13 0 12 1 13 1 12 1 13 1 12 0 11 0 12 0 12 1 13 2 12 2 11 3 12 3 0 0 12 1 14 2 13 1 13 0 10 1 13 -2 15 -1 9 0 14 -6 8 -9 15 -2 13 -1 11 -1 14 -5 15 -5 14 -4 13 -6 10 0 13 -5 11 -2 12 -5 14 -4 14 -4 13 -6 15 -8 14 -6 0 0 0 0 0 0 0 0 0 0 ]
CSI_DATA,STA,40:91:51:FC:DF:8D,-74,11,1,3,1,1,1,1,0,0,0,-96,2,6,1,14495987,0,110,0,0,14.96,384,[110 96 6 0 0 0 0 0 0 0 0 0 -11 -3 -12 -5 -11 -3 -13 -3 -10 -5 -12 -7 -11 -8 -12 -6 -12 -8 -10 -7 -13 -8 -13 -8 -10 -8 -11 -8 -11 -8 -11 -10 -10 -9 -11 -8 -10 -11 -10 -10 -9 -9 -10 -12 -10 -10 -9 -10 -10 -12 -10 -11 0 0 -10 -11 -9 -10 -10 -11 -10 -9 -10 -9 -10 -10 -8 -10 -12 -7 -8 -13 -11 -9 -11 -10 -13 -10 -11 -10 -13 -10 -11 -9 -13 -10 -12 -9 -14 -7 -14 -8 -13 -8 -13 -8 -13 -7 -14 -7 -14 -8 -15 -7 -16 -6 0 0 0 0 0 0 0 0 0 0 ]
CSI_DATA,STA,40:91:51:FC:DF:8D,-74,11,1,3,1,1,1,1,0,0,0,-96,5,6,1,14626252,0,110,0,0,15.0167,384,[110 96 6 0 0 0 0 0 0 0 0 0 -7 -8 -8 -10 -8 -10 -6 -10 -6 -10 -5 -9 -6 -12 -6 -11 -5 -13 -3 -11 -4 -12 -4 -13 -4 -13 -3 -12 -3 -13 -2 -13 -3 -13 -2 -13 -2 -13 -2 -12 -1 -13 -1 -13 -1 -13 -1 -12 -1 -13 -2 -14 0 0 -1 -12 -2 -12 -2 -13 -4 -13 -2 -12 -2 -13 -2 -14 -4 -13 -3 -12 -4 -13 -4 -13 -3 -12 -3 -13 -3 -12 -5 -13 -5 -13 -4 -14 -6 -13 -6 -14 -6 -12 -5 -13 -7 -12 -7 -13 -7 -13 -8 -13 -7 -13 0 0 0 0 0 0 0 0 0 0 ]
CSI_DATA,STA,40:91:51:FC:DF:8D,-74,11,1,3,1,1,1,1,0,0,0,-96,1,6,1,14631974,0,110,0,0,15.0535,384,[110 96 6 0 0 0 0 0 0 0 0 0 -15 2 -12 3 -13 4 -11 1 -14 2 -14 1 -13 1 -13 0 -16 -2 -15 -1 -16 -2 -15 -3 -17 -4 -14 -2 -15 -4 -16 -5 -15 -4 -15 -4 -13 -6 -15 -6 -15 -6 -15 -6 -15 -7 -15 -4 -15 -6 -15 -6 0 0 -15 -6 -14 -5 -15 -7 -16 -5 -14 -6 -15 -4 -16 -5 -14 -4 -16 -5 -16 -4 -17 -3 -15 -3 -16 -4 -16 -3 -16 -3 -16 -3 -16 -5 -17 -2 -18 -3 -18 -3 -18 -3 -17 -1 -17 -1 -18 0 -17 0 -18 0 0 0 0 0 0 0 0 0 0 0 ]
CSI_DATA,STA,40:91:51:FC:DF:8D,-73,11,1,2,1,1,1,1,0,0,0,-96,1,6,1,14715216,0,110,0,0,15.1052,384,[110 96 6 0 0 0 0 0 0 0 0 0 9 -5 10 -4 10 -4 11 -4 10 -3 10 -2 11 -2 12 -2 12 -1 11 -1 13 0 14 0 13 0 13 -1 11 1 13 2 12 1 12 2 11 2 12 3 11 3 11 2 11 2 12 3 13 2 13 3 0 0 12 2 13 2 12 2 12 1 11 1 12 1 12 1 12 0 12 0 12 1 14 -1 12 0 12 0 12 0 13 -1 14 -2 14 -2 13 -2 14 -2 12 -4 13 -2 12 -3 13 -4 13 -5 13 -3 14 -5 0 0 0 0 0 0 0 0 0 0 ]
CSI_DATA,STA,40:91:51:FC:DF:8D,-74,11,1,3,1,1,1,1,0,0,0,-96,6,6,1,14717026,0,110,0,0,15.1374,384,[110 96 6 0 0 0 0 0 0 0 0 0 -6 -11 -6 -10 -7 -12 -5 -13 -5 -12 -4 -14 -3 -13 -3 -13 -3 -13 -2 -13 -2 -15 -4 -15 -2 -14 1 -14 -1 -14 0 -14 0 -14 0 -13 0 -13 0 -14 0 -14 2 -14 2 -15 2 -15 1 -14 1 -13 0 0 1 -14 2 -15 1 -14 0 -14 1 -14 -1 -13 1 -13 0 -15 -3 -17 -1 -16 0 -16 -1 -14 -3 -14 -2 -14 -3 -15 -3 -15 -2 -16 -4 -15 -3 -16 -4 -13 -4 -15 -5 -13 -4 -16 -6 -15 -7 -15 -6 -15 0 0 0 0 0 0 0 0 0 0 ]
CSI_DATA,STA,40:91:51:FC:DF:8D,-73,11,1,2,1,1,1,1,0,0,0,-96,6,6,1,14719319,0,110,0,0,15.1797,384,[110 96 6 0 0 0 0 0 0 0 0 0 -3 12 -3 11 -4 13 -5 12 -5 12 -5 11 -6 11 -6 10 -7 11 -8 12 -8 11 -9 12 -10 10 -10 11 -9 10 -11 11 -10 10 -10 10 -10 10 -11 10 -10 9 -11 9 -11 8 -12 9 -11 9 -11 9 0 0 -10 10 -11 10 -10 10 -9 10 -10 9 -9 10 -11 10 -10 10 -9 10 -8 12 -8 13 -8 11 -8 12 -7 12 -9 13 -9 13 -9 13 -7 13 -8 14 -7 13 -8 14 -6 13 -6 14 -6 16 -5 15 -6 15 0 0 0 0 0 0 0 0 0 0 ]
CSI_DATA,STA,40:91:51:FC:DF:8D,-73,11,1,2,1,1,1,1,0,0,0,-96,4,6,1,14750540,0,110,0,0,15.2211,384,[110 96 6 0 0 0 0 0 0 0 0 0 6 -11 6 -9 8 -10 8 -10 9 -10 9 -7 10 -8 10 -8 10 -8 11 -9 11 -8 12 -7 12 -6 12 -7 12 -6 15 -6 13 -5 12 -6 12 -5 13 -5 12 -5 11 -6 12 -4 13 -5 13 -5 13 -4 0 0 12 -5 13 -5 11 -6 12 -7 12 -5 11 -7 12 -6 12 -7 12 -7 13 -6 13 -8 11 -8 11 -9 12 -9 13 -8 11 -9 12 -9 12 -10 11 -11 10 -10 12 -11 11 -11 11 -12 10 -12 12 -12 11 -12 0 0 0 0 0 0 0 0 0 0 ]
CSI_DATA,STA,40:91:51:FC:DF:8D,-74,11,1,3,1,1,1,1,0,0,0,-96,4,6,1,14886880,0,110,0,0,15.2771,384,[110 96 6 0 0 0 0 0 0 0 0 0 4 -11 4 -11 5 -10 6 -11 6 -12 6 -10 6 -11 7 -10 8 -9 8 -10 8 -10 10 -11 11 -9 10 -10 9 -9 11 -8 11 -9 11 -8 10 -8 10 -9 11 -7 10 -8 10 -7 11 -7 12 -8 11 -8 0 0 11 -9 11 -10 9 -9 11 -9 9 -7 11 -9 10 -10 10 -9 10 -9 8 -9 9 -9 9 -9 9 -9 9 -11 9 -12 9 -11 10 -12 9 -12 10 -12 8 -12 8 -12 8 -13 8 -13 7 -13 8 -13 7 -14 0 0 0 0 0 0 0 0 0 0 ]
CSI_DATA,STA,40:91:51:FC:DF:8D,-73,11,1,2,1,1,1,1,0,0,0,-96,6,6,1,14895200,0,110,0,0,15.309,384,[110 96 6 0 0 0 0 0 0 0 0 0 -1 -13 0 -12 1 -12 2 -13 2 -13 4 -13 5 -13 4 -13 5 -14 4 -13 5 -14 5 -14 6 -14 6 -14 8 -13 8 -13 7 -12 8 -10 7 -11 7 -12 9 -11 8 -12 8 -11 9 -12 8 -12 8 -12 0 0 9 -11 8 -12 9 -13 7 -13 7 -11 9 -12 8 -11 7 -11 6 -11 6 -12 7 -14 6 -12 6 -14 7 -15 6 -13 7 -16 5 -15 5 -15 5 -14 5 -15 6 -15 4 -14 5 -15 3 -16 3 -16 3 -16 0 0 0 0 0 0 0 0 0 0 ]
CSI_DATA,STA,40:91:51:FC:DF:8D,-73,11,1,2,1,1,1,1,0,0,0,-96,6,6,1,14908480,0,110,0,0,15.349,384,[110 96 6 0 0 0 0 0 0 0 0 0 1 -12 1 -11 1 -12 3 -12 3 -11 4 -10 4 -11 3 -11 4 -11 5 -11 7 -12 6 -12 6 -11 6 -12 6 -11 8 -11 7 -11 7 -9 7 -10 7 -11 7 -9 7 -11 7 -10 8 -10 9 -9 9 -8 0 0 7 -8 7 -14 7 -10 6 -12 6 -10 6 -11 7 -11 6 -11 6 -11 6 -12 4 -13 5 -11 4 -12 4 -13 5 -14 4 -14 4 -13 4 -14 4 -13 3 -13 3 -14 3 -13 3 -14 3 -15 3 -14 2 -14 0 0 0 0 0 0 0 0 0 0 ]
CSI_DATA,STA,40:91:51:FC:DF:8D,-73,11,1,2,1,1,1,1,0,0,0,-96,2,6,1,14911120,0,110,0,0,15.3887,384,[110 96 6 0 0 0 0 0 0 0 0 0 11 2 9 3 10 4 12 5 10 4 9 6 10 7 9 8 10 8 9 8 10 9 10 9 10 10 10 9 9 9 9 10 8 9 9 10 8 10 8 10 9 10 8 9 8 10 7 9 9 11 8 10 0 0 9 9 8 9 10 10 11 9 8 9 10 9 9 9 9 8 11 8 11 8 12 8 10 8 11 8 11 7 12 7 13 8 13 7 12 7 14 6 13 5 14 6 13 6 14 4 14 5 14 4 14 4 0 0 0 0 0 0 0 0 0 0 ]
CSI_DATA,STA,40:91:51:FC:DF:8D,-73,11,1,2,1,1,1,1,0,0,0,-96,6,6,1,15049511,0,110,0,0,15.4399,384,[110 96 6 0 0 0 0 0 0 0 0 0 -6 8 -8 9 -8 10 -7 10 -9 9 -8 8 -10 9 -10 8 -10 8 -12 8 -12 9 -12 6 -12 7 -12 7 -12 6 -13 6 -13 6 -12 5 -13 5 -12 5 -13 5 -13 5 -12 4 -15 5 -14 5 -14 5 0 0 -13 5 -13 6 -13 5 -13 7 -13 5 -13 6 -13 6 -11 6 -12 7 -12 7 -14 8 -12 7 -12 8 -12 8 -13 8 -13 8 -13 10 -11 10 -12 11 -11 9 -12 10 -12 10 -10 11 -12 11 -12 11 -11 10 0 0 0 0 0 0 0 0 0 0 ]
CSI_DATA,STA,40:91:51:FC:DF:8D,-74,11,1,3,1,1,1,1,0,0,0,-96,6,6,1,15060079,0,110,0,0,15.473,384,[110 96 6 0 0 0 0 0 0 0 0 0 -12 -4 -12 -6 -11 -7 -9 -7 -12 -8 -9 -8 -10 -9 -9 -9 -9 -10 -7 -10 -9 -10 -9 -11 -9 -11 -8 -11 -8 -10 -9 -13 -6 -13 -11 -10 -6 -11 -8 -10 -5 -12 -6 -11 -7 -12 -6 -13 -5 -12 -6 -13 0 0 -6 -12 -7 -11 -8 -12 -8 -10 -6 -10 -9 -10 -5 -11 -8 -10 -10 -11 -9 -12 -11 -11 -8 -10 -8 -10 -10 -10 -11 -11 -11 -11 -11 -12 -12 -10 -12 -11 -12 -10 -12 -11 -12 -10 -13 -10 -14 -9 -14 -10 -14 -9 0 0 0 0 0 0 0 0 0 0 ]
CSI_DATA,STA,40:91:51:FC:DF:8D,-75,11,1,3,1,1,1,1,0,0,0,-96,3,6,1,15087306,0,110,0,0,15.5197,384,[110 96 6 0 0 0 0 0 0 0 0 0 2 10 1 9 1 11 0 11 0 11 -1 11 -1 11 -2 11 -3 12 -2 12 -3 11 -3 12 -5 12 -4 11 -5 12 -5 12 -5 11 -5 12 -6 11 -6 10 -7 11 -6 11 -6 11 -7 10 -6 12 -6 11 0 0 -6 10 -7 12 -6 11 -5 11 -6 11 -6 12 -6 11 -5 12 -5 12 -4 12 -4 13 -5 12 -4 12 -4 13 -5 13 -4 14 -3 14 -2 14 -3 13 -3 14 -3 14 -3 15 -2 14 -1 14 0 14 -1 15 0 0 0 0 0 0 0 0 0 0 ]
CSI_DATA,STA,40:91:51:FC:DF:8D,-74,11,1,3,1,1,1,1,0,0,0,-96,1,6,1,15087727,0,110,0,0,15.5574,384,[110 96 6 0 0 0 0 0 0 0 0 0 -4 -12 -4 -11 -2 -12 -3 -13 0 -12 -1 -12 -2 -12 0 -13 0 -14 1 -12 1 -15 1 -14 2 -13 1 -14 1 -13 3 -14 2 -14 2 -13 1 -13 2 -12 3 -12 2 -13 3 -13 3 -13 3 -12 4 -14 0 0 2 -13 2 -14 2 -13 0 -14 1 -13 0 -13 1 -14 1 -14 -2 -15 4 -15 3 -15 0 -13 -1 -16 -1 -15 -1 -14 -3 -15 -3 -14 -4 -15 -4 -14 -5 -13 -5 -15 -5 -14 -5 -14 -6 -14 -5 -15 -5 -15 0 0 0 0 0 0 0 0 0 0 ]
CSI_DATA,STA,40:91:51:FC:DF:8D,-74,11,1,3,1,1,1,1,0,0,0,-96,2,6,1,15136233,0,110,0,0,15.5994,384,[110 96 6 0 0 0 0 0 0 0 0 0 -1 11 1 11 -3 11 -3 11 -3 12 -4 10 -5 11 -5 10 -6 12 -7 12 -6 10 -7 12 -7 10 -7 10 -7 10 -7 12 -8 9 -8 10 -9 9 -9 10 -9 9 -9 10 -9 9 -10 9 -10 9 -10 10 0 0 -9 9 -8 9 -9 9 -8 11 -8 9 -9 10 -8 10 -9 11 -8 9 -9 10 -7 12 -9 12 -7 12 -7 12 -6 13 -7 12 -8 13 -6 12 -4 13 -6 13 -7 14 -6 14 -5 14 -5 14 -5 12 -5 15 0 0 0 0 0 0 0 0 0 0 ]
CSI_DATA,STA,40:91:51:FC:DF:8D,-74,11,1,3,1,1,1,1,0,0,0,-96,1,6,1,15136891,0,110,0,0,15.6389,384,[110 96 6 0 0 0 0 0 0 0 0 0 4 -11 4 -9 5 -12 7 -10 6 -11 6 -9 8 -9 9 -9 9 -8 10 -8 10 -9 10 -9 11 -8 11 -9 10 -7 13 -6 12 -6 11 -6 11 -5 11 -6 12 -6 12 -6 12 -4 12 -5 11 -5 12 -6 0 0 11 -5 12 -6 11 -6 11 -6 12 -6 11 -8 12 -6 11 -7 11 -7 11 -8 11 -8 11 -6 10 -8 10 -7 11 -10 11 -9 12 -12 10 -10 10 -9 11 -10 12 -10 9 -10 9 -10 9 -13 11 -11 10 -12 0 0 0 0 0 0 0 0 0 0 ]
CSI_DATA,STA,40:91:51:FC:DF:8D,-74,11,1,3,1,1,1,1,0,0,0,-96,4,6,1,15301325,0,110,0,0,15.6915,384,[110 96 6 0 0 0 0 0 0 0 0 0 -12 0 -13 -1 -12 -2 -12 -4 -12 -4 -13 -4 -12 -4 -11 -5 -13 -5 -12 -6 -13 -7 -12 -6 -12 -7 -13 -7 -12 -7 -12 -8 -12 -7 -11 -8 -11 -7 -11 -8 -11 -8 -11 -9 -11 -9 -11 -9 -10 -9 -12 -9 0 0 -11 -8 -11 -8 -11 -8 -12 -7 -11 -9 -12 -8 -11 -8 -11 -7 -11 -7 -13 -8 -13 -6 -12 -6 -13 -7 -12 -6 -14 -6 -14 -6 -14 -6 -15 -5 -14 -5 -14 -4 -16 -5 -15 -5 -15 -4 -16 -4 -15 -3 -17 -4 0 0 0 0 0 0 0 0 0 0 ]
CSI_DATA,STA,40:91:51:FC:DF:8D,-74,11,1,3,1,1,1,1,0,0,0,-96,2,6,1,15303955,0,110,0,0,15.7279,384,[110 96 6 0 0 0 0 0 0 0 0 0 -4 10 -3 10 -4 10 -4 10 -4 10 -5 11 -5 10 -7 10 -6 11 -8 10 -9 12 -8 10 -9 11 -10 11 -9 9 -10 10 -9 9 -10 10 -10 8 -10 9 -10 8 -10 9 -11 9 -10 8 -11 7 -10 9 0 0 -10 7 -11 9 -10 9 -10 10 -9 8 -9 9 -10 9 -9 9 -10 9 -9 9 -9 10 -9 10 -8 10 -9 12 -9 11 -10 11 -9 12 -8 11 -9 12 -7 12 -8 13 -7 12 -7 13 -6 15 -7 13 -7 14 0 0 0 0 0 0 0 0 0 0 ]
CSI_DATA,STA,40:91:51:FC:DF:8D,-74,11,1,3,1,1,1,1,0,0,0,-96,5,6,1,15309838,0,110,0,0,15.768,384,[110 96 6 0 0 0 0 0 0 0 0 0 -5 -12 -4 -11 -3 -12 -4 -12 -4 -13 -5 -13 -2 -13 -2 -13 -2 -12 -1 -12 -1 -13 0 -13 0 -14 1 -14 1 -12 1 -13 2 -15 0 -12 3 -14 3 -14 2 -13 2 -14 3 -13 3 -13 4 -12 3 -14 0 0 3 -14 3 -13 2 -13 3 -13 2 -13 2 -13 1 -14 2 -14 2 -13 0 -14 1 -14 0 -14 0 -14 0 -15 1 -15 -1 -14 -1 -16 -1 -16 -1 -15 -3 -16 -2 -15 -2 -16 -1 -15 -2 -16 -2 -16 -3 -16 0 0 0 0 0 0 0 0 0 0 ]
CSI_DATA,STA,40:91:51:FC:DF:8D,-75,11,1,3,1,1,1,1,0,0,0,-96,1,6,1,15310316,0,110,0,0,15.8101,384,[110 96 6 0 0 0 0 0 0 0 0 0 4 10 4 10 3 11 2 11 2 13 0 10 2 12 0 11 1 12 0 12 -1 14 0 14 -2 13 -1 12 -3 12 -2 14 -2 12 -3 13 -3 12 -2 13 -4 12 -4 12 -2 12 -4 13 -3 12 -4 13 0 0 -2 13 -3 13 -2 12 -1 13 -2 11 -1 13 -3 12 -1 12 -1 12 -1 12 -1 13 -1 12 1 13 0 13 1 14 2 13 2 15 1 13 3 15 3 14 3 15 4 14 5 14 5 14 4 14 5 12 0 0 0 0 0 0 0 0 0 0 ]
CSI_DATA,STA,40:91:51:FC:DF:8D,-73,11,1,2,1,1,1,1,0,0,0,-96,6,6,1,15495864,0,110,0,0,15.8863,384,[110 96 6 0 0 0 0 0 0 0 0 0 8 7 6 7 7 8 6 7 7 10 5 8 5 10 4 8 6 10 4 12 4 12 5 12 4 13 3 12 2 10 4 14 3 11 3 12 2 10 2 12 1 11 1 11 0 12 1 12 1 13 0 12 0 0 0 12 2 13 1 11 3 12 2 10 3 12 2 12 1 ESP32
